a1,a2,a3,a4,a5,h1,h2,h3,h4,h5,period,time,team,etype,assist,away,block,entered,home,left,num,opponent,outof,player,points,possession,reason,result,steal,type,x,y
Allen Iverson,Rasheed Wallace,Richard Hamilton,Rodney Stuckey,Tayshaun Prince,Boris Diaw,Emeka Okafor,Gerald Wallace,Raja Bell,Raymond Felton,1,12:00,OFF,jump ball,,Rasheed Wallace,,,Emeka Okafor,,,,,,,Raymond Felton,,,,,,
Allen Iverson,Rasheed Wallace,Richard Hamilton,Rodney Stuckey,Tayshaun Prince,Boris Diaw,Emeka Okafor,Gerald Wallace,Raja Bell,Raymond Felton,1,11:43,CHA,shot,,,,,,,,,,Raja Bell,,,,missed,,jump,12,18
Allen Iverson,Rasheed Wallace,Richard Hamilton,Rodney Stuckey,Tayshaun Prince,Boris Diaw,Emeka Okafor,Gerald Wallace,Raja Bell,Raymond Felton,1,11:42,DET,rebound,,,,,,,,,,Rasheed Wallace,,,,,,def,,
Allen Iverson,Rasheed Wallace,Richard Hamilton,Rodney Stuckey,Tayshaun Prince,Boris Diaw,Emeka Okafor,Gerald Wallace,Raja Bell,Raymond Felton,1,11:28,DET,shot,,,,,,,,,,Richard Hamilton,,,,missed,,jump,42,11
Allen Iverson,Rasheed Wallace,Richard Hamilton,Rodney Stuckey,Tayshaun Prince,Boris Diaw,Emeka Okafor,Gerald Wallace,Raja Bell,Raymond Felton,1,11:26,CHA,rebound,,,,,,,,,,Emeka Okafor,,,,,,def,,
Allen Iverson,Rasheed Wallace,Richard Hamilton,Rodney Stuckey,Tayshaun Prince,Boris Diaw,Emeka Okafor,Gerald Wallace,Raja Bell,Raymond Felton,1,11:07,CHA,shot,,,Rasheed Wallace,,,,,,,Boris Diaw,,,,missed,,layup,25,6
Allen Iverson,Rasheed Wallace,Richard Hamilton,Rodney Stuckey,Tayshaun Prince,Boris Diaw,Emeka Okafor,Gerald Wallace,Raja Bell,Raymond Felton,1,11:04,CHA,rebound,,,,,,,,,,Boris Diaw,,,,,,off,,
Allen Iverson,Rasheed Wallace,Richard Hamilton,Rodney Stuckey,Tayshaun Prince,Boris Diaw,Emeka Okafor,Gerald Wallace,Raja Bell,Raymond Felton,1,11:02,CHA,shot,,,,,,,,,,Gerald Wallace,,,,missed,,3pt,48,9
Allen Iverson,Rasheed Wallace,Richard Hamilton,Rodney Stuckey,Tayshaun Prince,Boris Diaw,Emeka Okafor,Gerald Wallace,Raja Bell,Raymond Felton,1,11:02,CHA,rebound,,,,,,,,,,,,,,,,,,
Allen Iverson,Rasheed Wallace,Richard Hamilton,Rodney Stuckey,Tayshaun Prince,Boris Diaw,Emeka Okafor,Gerald Wallace,Raja Bell,Raymond Felton,1,11:02,CHA,turnover,,,,,,,,,,,,,shot clock turnover,,,,,
Allen Iverson,Rasheed Wallace,Richard Hamilton,Rodney Stuckey,Tayshaun Prince,Boris Diaw,Emeka Okafor,Gerald Wallace,Raja Bell,Raymond Felton,1,10:45,DET,shot,,,,,,,,,,Rasheed Wallace,,,,missed,,jump,8,8
Allen Iverson,Rasheed Wallace,Richard Hamilton,Rodney Stuckey,Tayshaun Prince,Boris Diaw,Emeka Okafor,Gerald Wallace,Raja Bell,Raymond Felton,1,10:44,CHA,rebound,,,,,,,,,,Boris Diaw,,,,,,def,,
Allen Iverson,Rasheed Wallace,Richard Hamilton,Rodney Stuckey,Tayshaun Prince,Boris Diaw,Emeka Okafor,Gerald Wallace,Raja Bell,Raymond Felton,1,10:23,CHA,shot,,,,,,,,,,Gerald Wallace,,,,missed,,jump,37,22
Allen Iverson,Rasheed Wallace,Richard Hamilton,Rodney Stuckey,Tayshaun Prince,Boris Diaw,Emeka Okafor,Gerald Wallace,Raja Bell,Raymond Felton,1,10:22,DET,rebound,,,,,,,,,,Rasheed Wallace,,,,,,def,,
Allen Iverson,Rasheed Wallace,Richard Hamilton,Rodney Stuckey,Tayshaun Prince,Boris Diaw,Emeka Okafor,Gerald Wallace,Raja Bell,Raymond Felton,1,10:04,DET,shot,Richard Hamilton,,,,,,,,,Tayshaun Prince,2,,,made,,jump,45,12
Allen Iverson,Rasheed Wallace,Richard Hamilton,Rodney Stuckey,Tayshaun Prince,Boris Diaw,Emeka Okafor,Gerald Wallace,Raja Bell,Raymond Felton,1,9:48,CHA,shot,,,,,,,,,,Boris Diaw,,,,missed,,jump,32,24
Allen Iverson,Rasheed Wallace,Richard Hamilton,Rodney Stuckey,Tayshaun Prince,Boris Diaw,Emeka Okafor,Gerald Wallace,Raja Bell,Raymond Felton,1,9:47,DET,rebound,,,,,,,,,,Richard Hamilton,,,,,,def,,
Allen Iverson,Rasheed Wallace,Richard Hamilton,Rodney Stuckey,Tayshaun Prince,Boris Diaw,Emeka Okafor,Gerald Wallace,Raja Bell,Raymond Felton,1,9:37,DET,shot,,,Boris Diaw,,,,,,,Tayshaun Prince,,,,missed,,jump,41,12
Allen Iverson,Rasheed Wallace,Richard Hamilton,Rodney Stuckey,Tayshaun Prince,Boris Diaw,Emeka Okafor,Gerald Wallace,Raja Bell,Raymond Felton,1,9:35,DET,rebound,,,,,,,,,,Tayshaun Prince,,,,,,off,,
Allen Iverson,Rasheed Wallace,Richard Hamilton,Rodney Stuckey,Tayshaun Prince,Boris Diaw,Emeka Okafor,Gerald Wallace,Raja Bell,Raymond Felton,1,9:28,DET,shot,,,,,,,,,,Tayshaun Prince,,,,missed,,turnaround jump,30,16
Allen Iverson,Rasheed Wallace,Richard Hamilton,Rodney Stuckey,Tayshaun Prince,Boris Diaw,Emeka Okafor,Gerald Wallace,Raja Bell,Raymond Felton,1,9:25,CHA,rebound,,,,,,,,,,Gerald Wallace,,,,,,def,,
Allen Iverson,Rasheed Wallace,Richard Hamilton,Rodney Stuckey,Tayshaun Prince,Boris Diaw,Emeka Okafor,Gerald Wallace,Raja Bell,Raymond Felton,1,9:14,CHA,shot,,,Rasheed Wallace,,,,,,,Emeka Okafor,,,,missed,,layup,25,6
Allen Iverson,Rasheed Wallace,Richard Hamilton,Rodney Stuckey,Tayshaun Prince,Boris Diaw,Emeka Okafor,Gerald Wallace,Raja Bell,Raymond Felton,1,9:14,CHA,rebound,,,,,,,,,,,,,,,,,,
Allen Iverson,Rasheed Wallace,Richard Hamilton,Rodney Stuckey,Tayshaun Prince,Boris Diaw,Emeka Okafor,Gerald Wallace,Raja Bell,Raymond Felton,1,9:09,CHA,shot,,,,,,,,,,Raja Bell,,,,missed,,jump,22,15
Allen Iverson,Rasheed Wallace,Richard Hamilton,Rodney Stuckey,Tayshaun Prince,Boris Diaw,Emeka Okafor,Gerald Wallace,Raja Bell,Raymond Felton,1,9:08,DET,rebound,,,,,,,,,,Rasheed Wallace,,,,,,def,,
Allen Iverson,Rasheed Wallace,Richard Hamilton,Rodney Stuckey,Tayshaun Prince,Boris Diaw,Emeka Okafor,Gerald Wallace,Raja Bell,Raymond Felton,1,9:00,CHA,foul,,,,,,,,Allen Iverson,,Boris Diaw,,,,,,shooting,,
Allen Iverson,Rasheed Wallace,Richard Hamilton,Rodney Stuckey,Tayshaun Prince,Boris Diaw,Emeka Okafor,Gerald Wallace,Raja Bell,Raymond Felton,1,9:00,DET,free throw,,,,,,,1,,2,Allen Iverson,,,foul,made,,,,
Allen Iverson,Rasheed Wallace,Richard Hamilton,Rodney Stuckey,Tayshaun Prince,Boris Diaw,Emeka Okafor,Gerald Wallace,Raja Bell,Raymond Felton,1,9:00,DET,free throw,,,,,,,2,,2,Allen Iverson,,,foul,missed,,,,
Allen Iverson,Rasheed Wallace,Richard Hamilton,Rodney Stuckey,Tayshaun Prince,Boris Diaw,Emeka Okafor,Gerald Wallace,Raja Bell,Raymond Felton,1,8:57,CHA,rebound,,,,,,,,,,Boris Diaw,,,,,,def,,
Allen Iverson,Rasheed Wallace,Richard Hamilton,Rodney Stuckey,Tayshaun Prince,Boris Diaw,Emeka Okafor,Gerald Wallace,Raja Bell,Raymond Felton,1,8:48,CHA,shot,,,,,,,,,,Raymond Felton,2,,,made,,driving reverse layup,25,6
Allen Iverson,Rasheed Wallace,Richard Hamilton,Rodney Stuckey,Tayshaun Prince,Boris Diaw,Emeka Okafor,Gerald Wallace,Raja Bell,Raymond Felton,1,8:34,DET,shot,,,,,,,,,,Allen Iverson,,,,missed,,jump,46,11
Allen Iverson,Rasheed Wallace,Richard Hamilton,Rodney Stuckey,Tayshaun Prince,Boris Diaw,Emeka Okafor,Gerald Wallace,Raja Bell,Raymond Felton,1,8:32,CHA,rebound,,,,,,,,,,Emeka Okafor,,,,,,def,,
Allen Iverson,Rasheed Wallace,Richard Hamilton,Rodney Stuckey,Tayshaun Prince,Boris Diaw,Emeka Okafor,Gerald Wallace,Raja Bell,Raymond Felton,1,8:27,CHA,shot,,,,,,,,,,Raymond Felton,,,,missed,,layup,25,6
Allen Iverson,Rasheed Wallace,Richard Hamilton,Rodney Stuckey,Tayshaun Prince,Boris Diaw,Emeka Okafor,Gerald Wallace,Raja Bell,Raymond Felton,1,8:27,DET,rebound,,,,,,,,,,,,,,,,,,
Allen Iverson,Rasheed Wallace,Richard Hamilton,Rodney Stuckey,Tayshaun Prince,Boris Diaw,Emeka Okafor,Gerald Wallace,Raja Bell,Raymond Felton,1,8:15,CHA,foul,,,,,,,,Rasheed Wallace,,Boris Diaw,,,,,,shooting,,
Allen Iverson,Rasheed Wallace,Richard Hamilton,Rodney Stuckey,Tayshaun Prince,Boris Diaw,Emeka Okafor,Gerald Wallace,Raja Bell,Raymond Felton,1,8:15,DET,free throw,,,,,,,1,,2,Rasheed Wallace,,,foul,made,,,,
Allen Iverson,Rasheed Wallace,Richard Hamilton,Rodney Stuckey,Tayshaun Prince,D.J. Augustin,Emeka Okafor,Gerald Wallace,Raja Bell,Raymond Felton,1,8:15,CHA,sub,,,,D.J. Augustin,,Boris Diaw,,,,,,,,,,,,
Allen Iverson,Rasheed Wallace,Richard Hamilton,Rodney Stuckey,Tayshaun Prince,D.J. Augustin,Emeka Okafor,Gerald Wallace,Raja Bell,Raymond Felton,1,8:15,DET,free throw,,,,,,,2,,2,Rasheed Wallace,,,foul,made,,,,
Allen Iverson,Rasheed Wallace,Richard Hamilton,Rodney Stuckey,Tayshaun Prince,D.J. Augustin,Emeka Okafor,Gerald Wallace,Raja Bell,Raymond Felton,1,7:56,CHA,turnover,,,,,,,,,,Raymond Felton,,,bad pass,,Rasheed Wallace,,,
Allen Iverson,Rasheed Wallace,Richard Hamilton,Rodney Stuckey,Tayshaun Prince,D.J. Augustin,Emeka Okafor,Gerald Wallace,Raja Bell,Raymond Felton,1,7:53,DET,shot,Allen Iverson,,,,,,,,,Rodney Stuckey,2,,,made,,layup,25,6
Allen Iverson,Rasheed Wallace,Richard Hamilton,Rodney Stuckey,Tayshaun Prince,D.J. Augustin,Emeka Okafor,Gerald Wallace,Raja Bell,Raymond Felton,1,7:40,CHA,turnover,,,,,,,,,,D.J. Augustin,,,bad pass,,,,,
Allen Iverson,Rasheed Wallace,Richard Hamilton,Rodney Stuckey,Tayshaun Prince,D.J. Augustin,Emeka Okafor,Gerald Wallace,Raja Bell,Raymond Felton,1,7:25,DET,shot,Rodney Stuckey,,,,,,,,,Allen Iverson,2,,,made,,jump,12,18
Allen Iverson,Rasheed Wallace,Richard Hamilton,Rodney Stuckey,Tayshaun Prince,D.J. Augustin,Emeka Okafor,Gerald Wallace,Raja Bell,Raymond Felton,1,7:19,CHA,timeout,,,,,,,,,,,,,,,,regular,,
Allen Iverson,Rasheed Wallace,Richard Hamilton,Rodney Stuckey,Tayshaun Prince,D.J. Augustin,Emeka Okafor,Gerald Wallace,Raja Bell,Raymond Felton,1,7:18,CHA,turnover,,,,,,,,,,Raja Bell,,,bad pass,,Allen Iverson,,,
Allen Iverson,Rasheed Wallace,Richard Hamilton,Rodney Stuckey,Tayshaun Prince,D.J. Augustin,Emeka Okafor,Gerald Wallace,Raja Bell,Raymond Felton,1,7:13,DET,shot,,,,,,,,,,Allen Iverson,2,,,made,,layup,25,6
Allen Iverson,Rasheed Wallace,Richard Hamilton,Rodney Stuckey,Tayshaun Prince,D.J. Augustin,Emeka Okafor,Gerald Wallace,Raja Bell,Raymond Felton,1,6:55,CHA,shot,,,,,,,,,,Gerald Wallace,2,,,made,,driving layup,25,6
Allen Iverson,Rasheed Wallace,Richard Hamilton,Rodney Stuckey,Tayshaun Prince,D.J. Augustin,Emeka Okafor,Gerald Wallace,Raja Bell,Raymond Felton,1,6:43,DET,shot,,,,,,,,,,Rodney Stuckey,2,,,made,,driving layup,25,6
Allen Iverson,Rasheed Wallace,Richard Hamilton,Rodney Stuckey,Tayshaun Prince,D.J. Augustin,Emeka Okafor,Gerald Wallace,Raja Bell,Raymond Felton,1,6:22,CHA,shot,,,Rasheed Wallace,,,,,,,Emeka Okafor,,,,missed,,jump,24,13
Allen Iverson,Rasheed Wallace,Richard Hamilton,Rodney Stuckey,Tayshaun Prince,D.J. Augustin,Emeka Okafor,Gerald Wallace,Raja Bell,Raymond Felton,1,6:19,DET,rebound,,,,,,,,,,Rodney Stuckey,,,,,,def,,
Allen Iverson,Rasheed Wallace,Richard Hamilton,Rodney Stuckey,Tayshaun Prince,D.J. Augustin,Emeka Okafor,Gerald Wallace,Raja Bell,Raymond Felton,1,6:06,DET,shot,,,,,,,,,,Rasheed Wallace,,,,missed,,3pt,49,7
Allen Iverson,Rasheed Wallace,Richard Hamilton,Rodney Stuckey,Tayshaun Prince,D.J. Augustin,Emeka Okafor,Gerald Wallace,Raja Bell,Raymond Felton,1,6:04,CHA,rebound,,,,,,,,,,Gerald Wallace,,,,,,def,,
Allen Iverson,Rasheed Wallace,Richard Hamilton,Rodney Stuckey,Tayshaun Prince,D.J. Augustin,Emeka Okafor,Gerald Wallace,Raja Bell,Raymond Felton,1,5:46,DET,foul,,,,,,,,D.J. Augustin,,Rasheed Wallace,,,,,,shooting,,
Allen Iverson,Rasheed Wallace,Richard Hamilton,Rodney Stuckey,Tayshaun Prince,D.J. Augustin,Emeka Okafor,Gerald Wallace,Raja Bell,Raymond Felton,1,5:46,CHA,free throw,,,,,,,1,,2,D.J. Augustin,,,foul,made,,,,
Allen Iverson,Rasheed Wallace,Richard Hamilton,Rodney Stuckey,Tayshaun Prince,D.J. Augustin,Emeka Okafor,Gerald Wallace,Raja Bell,Raymond Felton,1,5:46,CHA,free throw,,,,,,,2,,2,D.J. Augustin,,,foul,made,,,,
Allen Iverson,Rasheed Wallace,Richard Hamilton,Rodney Stuckey,Tayshaun Prince,D.J. Augustin,Emeka Okafor,Gerald Wallace,Raja Bell,Raymond Felton,1,5:34,DET,turnover,,,,,,,,,,Rodney Stuckey,,,bad pass,,,,,
Allen Iverson,Rasheed Wallace,Richard Hamilton,Rodney Stuckey,Tayshaun Prince,D.J. Augustin,Emeka Okafor,Gerald Wallace,Raja Bell,Raymond Felton,1,5:23,CHA,shot,D.J. Augustin,,,,,,,,,Emeka Okafor,2,,,made,,jump,38,13
Allen Iverson,Rasheed Wallace,Richard Hamilton,Rodney Stuckey,Tayshaun Prince,D.J. Augustin,Emeka Okafor,Gerald Wallace,Raja Bell,Raymond Felton,1,4:55,DET,shot,,,,,,,,,,Rasheed Wallace,2,,,made,,hook,27,15
Allen Iverson,Rasheed Wallace,Richard Hamilton,Rodney Stuckey,Tayshaun Prince,D.J. Augustin,Emeka Okafor,Gerald Wallace,Raja Bell,Raymond Felton,1,4:34,CHA,shot,,,,,,,,,,Raja Bell,,,,missed,,3pt,2,9
Allen Iverson,Rasheed Wallace,Richard Hamilton,Rodney Stuckey,Tayshaun Prince,D.J. Augustin,Emeka Okafor,Gerald Wallace,Raja Bell,Raymond Felton,1,4:33,DET,rebound,,,,,,,,,,Rodney Stuckey,,,,,,def,,
Allen Iverson,Rasheed Wallace,Richard Hamilton,Rodney Stuckey,Tayshaun Prince,D.J. Augustin,Emeka Okafor,Gerald Wallace,Raja Bell,Raymond Felton,1,4:27,DET,shot,,,,,,,,,,Rodney Stuckey,,,,missed,,layup,25,6
Allen Iverson,Rasheed Wallace,Richard Hamilton,Rodney Stuckey,Tayshaun Prince,D.J. Augustin,Emeka Okafor,Gerald Wallace,Raja Bell,Raymond Felton,1,4:25,DET,rebound,,,,,,,,,,Rodney Stuckey,,,,,,off,,
Allen Iverson,Rasheed Wallace,Richard Hamilton,Rodney Stuckey,Tayshaun Prince,D.J. Augustin,Emeka Okafor,Gerald Wallace,Raja Bell,Raymond Felton,1,4:23,DET,shot,,,,,,,,,,Tayshaun Prince,,,,missed,,dunk,25,6
Allen Iverson,Rasheed Wallace,Richard Hamilton,Rodney Stuckey,Tayshaun Prince,D.J. Augustin,Emeka Okafor,Gerald Wallace,Raja Bell,Raymond Felton,1,4:21,CHA,rebound,,,,,,,,,,Raymond Felton,,,,,,def,,
Allen Iverson,Rasheed Wallace,Richard Hamilton,Rodney Stuckey,Tayshaun Prince,D.J. Augustin,Emeka Okafor,Gerald Wallace,Raja Bell,Raymond Felton,1,4:16,CHA,shot,,,Rasheed Wallace,,,,,,,D.J. Augustin,,,,missed,,layup,25,6
Allen Iverson,Rasheed Wallace,Richard Hamilton,Rodney Stuckey,Tayshaun Prince,D.J. Augustin,Emeka Okafor,Gerald Wallace,Raja Bell,Raymond Felton,1,4:13,DET,rebound,,,,,,,,,,Allen Iverson,,,,,,def,,
Allen Iverson,Rasheed Wallace,Richard Hamilton,Rodney Stuckey,Tayshaun Prince,D.J. Augustin,Emeka Okafor,Gerald Wallace,Raja Bell,Raymond Felton,1,4:10,DET,foul,,,,,,,,Raja Bell,,Rasheed Wallace,,,,,,offensive,,
Allen Iverson,Rasheed Wallace,Richard Hamilton,Rodney Stuckey,Tayshaun Prince,D.J. Augustin,Emeka Okafor,Gerald Wallace,Raja Bell,Raymond Felton,1,4:10,DET,turnover,,,,,,,,,,Rasheed Wallace,,,foul,,,,,
Allen Iverson,Antonio McDyess,Richard Hamilton,Rodney Stuckey,Tayshaun Prince,D.J. Augustin,Emeka Okafor,Gerald Wallace,Raja Bell,Raymond Felton,1,4:10,DET,sub,,,,Antonio McDyess,,Rasheed Wallace,,,,,,,,,,,,
Allen Iverson,Antonio McDyess,Richard Hamilton,Rodney Stuckey,Tayshaun Prince,D.J. Augustin,Emeka Okafor,Gerald Wallace,Raja Bell,Raymond Felton,1,3:54,CHA,turnover,,,,,,,,,,Raja Bell,,,traveling,,,,,
Allen Iverson,Antonio McDyess,Richard Hamilton,Rodney Stuckey,Tayshaun Prince,D.J. Augustin,Emeka Okafor,Gerald Wallace,Raja Bell,Raymond Felton,1,3:32,DET,shot,Rodney Stuckey,,,,,,,,,Richard Hamilton,2,,,made,,jump,5,10
Allen Iverson,Antonio McDyess,Richard Hamilton,Rodney Stuckey,Tayshaun Prince,D.J. Augustin,Emeka Okafor,Gerald Wallace,Raja Bell,Raymond Felton,1,3:19,CHA,shot,,,,,,,,,,D.J. Augustin,,,,missed,,layup,25,6
Allen Iverson,Antonio McDyess,Richard Hamilton,Rodney Stuckey,Tayshaun Prince,D.J. Augustin,Emeka Okafor,Gerald Wallace,Raja Bell,Raymond Felton,1,3:16,CHA,shot,,,,,,,,,,Emeka Okafor,2,,,made,,dunk,25,6
Allen Iverson,Antonio McDyess,Richard Hamilton,Rodney Stuckey,Tayshaun Prince,D.J. Augustin,Emeka Okafor,Gerald Wallace,Raja Bell,Raymond Felton,1,3:16,CHA,rebound,,,,,,,,,,Emeka Okafor,,,,,,off,,
Allen Iverson,Antonio McDyess,Richard Hamilton,Rodney Stuckey,Tayshaun Prince,D.J. Augustin,Emeka Okafor,Gerald Wallace,Raja Bell,Raymond Felton,1,3:06,DET,timeout,,,,,,,,,,,,,,,,regular,,
Antonio McDyess,Richard Hamilton,Rodney Stuckey,Tayshaun Prince,Will Bynum,D.J. Augustin,Emeka Okafor,Gerald Wallace,Raja Bell,Raymond Felton,1,3:06,DET,sub,,,,Will Bynum,,Allen Iverson,,,,,,,,,,,,
Antonio McDyess,Arron Afflalo,Richard Hamilton,Tayshaun Prince,Will Bynum,D.J. Augustin,Emeka Okafor,Gerald Wallace,Raja Bell,Raymond Felton,1,3:06,DET,sub,,,,Arron Afflalo,,Rodney Stuckey,,,,,,,,,,,,
Antonio McDyess,Arron Afflalo,Richard Hamilton,Tayshaun Prince,Will Bynum,D.J. Augustin,Emeka Okafor,Gerald Wallace,Raja Bell,Raymond Felton,1,2:55,DET,shot,Will Bynum,,,,,,,,,Richard Hamilton,2,,,made,,running jump,22,12
Antonio McDyess,Arron Afflalo,Richard Hamilton,Tayshaun Prince,Will Bynum,D.J. Augustin,Emeka Okafor,Gerald Wallace,Raja Bell,Raymond Felton,1,2:35,CHA,shot,Raja Bell,,,,,,,,,D.J. Augustin,3,,,made,,3pt,49,7
Antonio McDyess,Arron Afflalo,Richard Hamilton,Tayshaun Prince,Will Bynum,D.J. Augustin,Emeka Okafor,Gerald Wallace,Raja Bell,Raymond Felton,1,2:20,DET,shot,,,,,,,,,,Richard Hamilton,,,,missed,,jump,42,10
Antonio McDyess,Arron Afflalo,Richard Hamilton,Tayshaun Prince,Will Bynum,D.J. Augustin,Emeka Okafor,Gerald Wallace,Raja Bell,Raymond Felton,1,2:18,CHA,rebound,,,,,,,,,,Gerald Wallace,,,,,,def,,
Antonio McDyess,Arron Afflalo,Richard Hamilton,Tayshaun Prince,Will Bynum,D.J. Augustin,Emeka Okafor,Gerald Wallace,Raja Bell,Raymond Felton,1,2:09,CHA,turnover,,,,,,,,,,Raja Bell,,,traveling,,,,,
Antonio McDyess,Arron Afflalo,Richard Hamilton,Tayshaun Prince,Will Bynum,D.J. Augustin,Emeka Okafor,Gerald Wallace,Raja Bell,Raymond Felton,1,1:55,DET,shot,,,,,,,,,,Will Bynum,2,,,made,,jump,27,14
Antonio McDyess,Arron Afflalo,Richard Hamilton,Tayshaun Prince,Will Bynum,D.J. Augustin,Emeka Okafor,Gerald Wallace,Raja Bell,Raymond Felton,1,1:46,CHA,turnover,,,,,,,,,,D.J. Augustin,,,lost ball,,Will Bynum,,,
Antonio McDyess,Arron Afflalo,Richard Hamilton,Tayshaun Prince,Will Bynum,D.J. Augustin,Emeka Okafor,Gerald Wallace,Raja Bell,Raymond Felton,1,1:42,DET,foul,,,,,,,,Emeka Okafor,,Antonio McDyess,,,,,,offensive,,
Antonio McDyess,Arron Afflalo,Richard Hamilton,Tayshaun Prince,Will Bynum,D.J. Augustin,Emeka Okafor,Gerald Wallace,Raja Bell,Raymond Felton,1,1:42,DET,turnover,,,,,,,,,,Antonio McDyess,,,foul,,,,,
Antonio McDyess,Arron Afflalo,Richard Hamilton,Tayshaun Prince,Will Bynum,D.J. Augustin,Emeka Okafor,Gerald Wallace,Raja Bell,Raymond Felton,1,1:27,CHA,turnover,,,,,,,,,,D.J. Augustin,,,bad pass,,Antonio McDyess,,,
Antonio McDyess,Arron Afflalo,Richard Hamilton,Tayshaun Prince,Will Bynum,D.J. Augustin,Emeka Okafor,Gerald Wallace,Raja Bell,Raymond Felton,1,1:25,DET,turnover,,,,,,,,,,Will Bynum,,,lost ball,,Raja Bell,,,
Antonio McDyess,Arron Afflalo,Richard Hamilton,Tayshaun Prince,Will Bynum,D.J. Augustin,Emeka Okafor,Gerald Wallace,Raja Bell,Raymond Felton,1,1:04,CHA,shot,,,,,,,,,,Gerald Wallace,,,,missed,,3pt,2,9
Antonio McDyess,Arron Afflalo,Richard Hamilton,Tayshaun Prince,Will Bynum,D.J. Augustin,Emeka Okafor,Gerald Wallace,Raja Bell,Raymond Felton,1,1:02,CHA,rebound,,,,,,,,,,Raymond Felton,,,,,,off,,
Antonio McDyess,Arron Afflalo,Richard Hamilton,Tayshaun Prince,Will Bynum,D.J. Augustin,Emeka Okafor,Gerald Wallace,Raja Bell,Raymond Felton,1,0:53,CHA,foul,,,,,,,,Tayshaun Prince,,Raymond Felton,,,,,,offensive,,
Antonio McDyess,Arron Afflalo,Richard Hamilton,Tayshaun Prince,Will Bynum,D.J. Augustin,Emeka Okafor,Gerald Wallace,Raja Bell,Raymond Felton,1,0:53,CHA,turnover,,,,,,,,,,Raymond Felton,,,foul,,,,,
Antonio McDyess,Arron Afflalo,Richard Hamilton,Tayshaun Prince,Will Bynum,D.J. Augustin,Emeka Okafor,Gerald Wallace,Raja Bell,Raymond Felton,1,0:40,DET,shot,Tayshaun Prince,,,,,,,,,Antonio McDyess,2,,,made,,jump,43,9
Antonio McDyess,Arron Afflalo,Richard Hamilton,Tayshaun Prince,Will Bynum,D.J. Augustin,Emeka Okafor,Gerald Wallace,Raja Bell,Raymond Felton,1,0:28,CHA,shot,,,,,,,,,,Gerald Wallace,,,,missed,,jump,38,22
Antonio McDyess,Arron Afflalo,Richard Hamilton,Tayshaun Prince,Will Bynum,D.J. Augustin,Emeka Okafor,Gerald Wallace,Raja Bell,Raymond Felton,1,0:26,DET,rebound,,,,,,,,,,Antonio McDyess,,,,,,def,,
Antonio McDyess,Arron Afflalo,Richard Hamilton,Tayshaun Prince,Will Bynum,D.J. Augustin,Emeka Okafor,Gerald Wallace,Raja Bell,Raymond Felton,1,0:07,CHA,foul,,,,,,,,Tayshaun Prince,,D.J. Augustin,,,,,,personal,,
Antonio McDyess,Rasheed Wallace,Richard Hamilton,Tayshaun Prince,Will Bynum,D.J. Augustin,Emeka Okafor,Gerald Wallace,Raja Bell,Raymond Felton,1,0:07,DET,sub,,,,Rasheed Wallace,,Arron Afflalo,,,,,,,,,,,,
Antonio McDyess,Rasheed Wallace,Richard Hamilton,Tayshaun Prince,Will Bynum,D.J. Augustin,Emeka Okafor,Gerald Wallace,Raja Bell,Raymond Felton,1,0:05,CHA,foul,,,,,,,,Will Bynum,,D.J. Augustin,,,,,,personal,,
Antonio McDyess,Rasheed Wallace,Richard Hamilton,Tayshaun Prince,Will Bynum,D.J. Augustin,Emeka Okafor,Gerald Wallace,Raja Bell,Raymond Felton,1,0:05,DET,free throw,,,,,,,1,,2,Will Bynum,,,foul,made,,,,
Antonio McDyess,Arron Afflalo,Richard Hamilton,Tayshaun Prince,Will Bynum,D.J. Augustin,Emeka Okafor,Gerald Wallace,Raja Bell,Raymond Felton,1,0:05,DET,sub,,,,Arron Afflalo,,Rasheed Wallace,,,,,,,,,,,,
Antonio McDyess,Arron Afflalo,Richard Hamilton,Tayshaun Prince,Will Bynum,D.J. Augustin,Emeka Okafor,Gerald Wallace,Raja Bell,Raymond Felton,1,0:05,DET,free throw,,,,,,,2,,2,Will Bynum,,,foul,missed,,,,
Antonio McDyess,Arron Afflalo,Richard Hamilton,Tayshaun Prince,Will Bynum,D.J. Augustin,Emeka Okafor,Gerald Wallace,Raja Bell,Raymond Felton,1,0:03,CHA,rebound,,,,,,,,,,Gerald Wallace,,,,,,def,,
Antonio McDyess,Arron Afflalo,Richard Hamilton,Tayshaun Prince,Will Bynum,D.J. Augustin,Emeka Okafor,Gerald Wallace,Raja Bell,Raymond Felton,1,0:01,CHA,turnover,,,,,,,,,,Gerald Wallace,,,lost ball,,Antonio McDyess,,,
Antonio McDyess,Arron Afflalo,Richard Hamilton,Tayshaun Prince,Will Bynum,D.J. Augustin,Emeka Okafor,Gerald Wallace,Raja Bell,Raymond Felton,1,0:00,DET,shot,,,Gerald Wallace,,,,,,,Antonio McDyess,,,,missed,,jump,14,20
Antonio McDyess,Arron Afflalo,Richard Hamilton,Tayshaun Prince,Will Bynum,D.J. Augustin,Emeka Okafor,Gerald Wallace,Raja Bell,Raymond Felton,1,0:00,CHA,rebound,,,,,,,,,,Emeka Okafor,,,,,,def,,
Allen Iverson,Antonio McDyess,Arron Afflalo,Jason Maxiell,Will Bynum,Adam Morrison,Emeka Okafor,Gerald Wallace,Matt Carroll,Raymond Felton,2,11:44,DET,turnover,,,,,,,,,,Will Bynum,,,bad pass,,Gerald Wallace,,,
Allen Iverson,Antonio McDyess,Arron Afflalo,Jason Maxiell,Will Bynum,Adam Morrison,Emeka Okafor,Gerald Wallace,Matt Carroll,Raymond Felton,2,11:40,CHA,shot,Raymond Felton,,,,,,,,,Gerald Wallace,2,,,made,,reverse layup,25,6
Allen Iverson,Antonio McDyess,Arron Afflalo,Jason Maxiell,Will Bynum,Adam Morrison,Emeka Okafor,Gerald Wallace,Matt Carroll,Raymond Felton,2,11:21,DET,shot,,,,,,,,,,Allen Iverson,,,,missed,,jump,18,12
Allen Iverson,Antonio McDyess,Arron Afflalo,Jason Maxiell,Will Bynum,Adam Morrison,Emeka Okafor,Gerald Wallace,Matt Carroll,Raymond Felton,2,11:19,CHA,rebound,,,,,,,,,,Gerald Wallace,,,,,,def,,
Allen Iverson,Antonio McDyess,Arron Afflalo,Jason Maxiell,Will Bynum,Adam Morrison,Emeka Okafor,Gerald Wallace,Matt Carroll,Raymond Felton,2,11:05,CHA,shot,,,,,,,,,,Raymond Felton,,,,missed,,jump,19,25
Allen Iverson,Antonio McDyess,Arron Afflalo,Jason Maxiell,Will Bynum,Adam Morrison,Emeka Okafor,Gerald Wallace,Matt Carroll,Raymond Felton,2,11:04,CHA,rebound,,,,,,,,,,Emeka Okafor,,,,,,off,,
Allen Iverson,Antonio McDyess,Arron Afflalo,Jason Maxiell,Will Bynum,Adam Morrison,Emeka Okafor,Gerald Wallace,Matt Carroll,Raymond Felton,2,11:00,CHA,shot,,,Antonio McDyess,,,,,,,Emeka Okafor,,,,missed,,jump,23,15
Allen Iverson,Antonio McDyess,Arron Afflalo,Jason Maxiell,Will Bynum,Adam Morrison,Emeka Okafor,Gerald Wallace,Matt Carroll,Raymond Felton,2,10:58,DET,rebound,,,,,,,,,,Jason Maxiell,,,,,,def,,
Allen Iverson,Antonio McDyess,Arron Afflalo,Jason Maxiell,Will Bynum,Adam Morrison,Emeka Okafor,Gerald Wallace,Matt Carroll,Raymond Felton,2,10:44,DET,shot,Will Bynum,,,,,,,,,Antonio McDyess,2,,,made,,jump,40,11
Allen Iverson,Antonio McDyess,Arron Afflalo,Jason Maxiell,Will Bynum,Adam Morrison,Emeka Okafor,Gerald Wallace,Matt Carroll,Raymond Felton,2,10:23,CHA,shot,,,,,,,,,,Matt Carroll,,,,missed,,jump,15,21
Allen Iverson,Antonio McDyess,Arron Afflalo,Jason Maxiell,Will Bynum,Adam Morrison,Emeka Okafor,Gerald Wallace,Matt Carroll,Raymond Felton,2,10:21,DET,rebound,,,,,,,,,,Antonio McDyess,,,,,,def,,
Allen Iverson,Antonio McDyess,Arron Afflalo,Jason Maxiell,Will Bynum,Adam Morrison,Emeka Okafor,Gerald Wallace,Matt Carroll,Raymond Felton,2,10:08,DET,shot,Will Bynum,,,,,,,,,Arron Afflalo,3,,,made,,3pt,2,8
Allen Iverson,Antonio McDyess,Arron Afflalo,Jason Maxiell,Will Bynum,Adam Morrison,Emeka Okafor,Gerald Wallace,Matt Carroll,Raymond Felton,2,9:55,CHA,turnover,,,,,,,,,,Raymond Felton,,,lost ball,,Jason Maxiell,,,
Allen Iverson,Antonio McDyess,Arron Afflalo,Jason Maxiell,Will Bynum,Adam Morrison,Emeka Okafor,Gerald Wallace,Matt Carroll,Raymond Felton,2,9:50,DET,shot,Allen Iverson,,,,,,,,,Arron Afflalo,2,,,made,,layup,25,6
Allen Iverson,Antonio McDyess,Arron Afflalo,Jason Maxiell,Will Bynum,Adam Morrison,Emeka Okafor,Gerald Wallace,Matt Carroll,Raymond Felton,2,9:33,CHA,shot,Gerald Wallace,,,,,,,,,Emeka Okafor,2,,,made,,dunk,25,6
Allen Iverson,Antonio McDyess,Arron Afflalo,Jason Maxiell,Will Bynum,Adam Morrison,Emeka Okafor,Gerald Wallace,Matt Carroll,Raymond Felton,2,9:12,DET,shot,,,,,,,,,,Arron Afflalo,,,,missed,,3pt,5,23
Allen Iverson,Antonio McDyess,Arron Afflalo,Jason Maxiell,Will Bynum,Adam Morrison,Emeka Okafor,Gerald Wallace,Matt Carroll,Raymond Felton,2,9:10,DET,rebound,,,,,,,,,,Jason Maxiell,,,,,,off,,
Allen Iverson,Antonio McDyess,Arron Afflalo,Jason Maxiell,Will Bynum,Adam Morrison,Emeka Okafor,Gerald Wallace,Matt Carroll,Raymond Felton,2,9:06,DET,turnover,,,,,,,,,,Antonio McDyess,,,out of bounds lost ball turnover,,,,,
Allen Iverson,Antonio McDyess,Arron Afflalo,Jason Maxiell,Will Bynum,Adam Morrison,Boris Diaw,Emeka Okafor,Matt Carroll,Raymond Felton,2,9:06,CHA,sub,,,,Boris Diaw,,Gerald Wallace,,,,,,,,,,,,
Allen Iverson,Antonio McDyess,Arron Afflalo,Jason Maxiell,Will Bynum,Adam Morrison,Boris Diaw,Matt Carroll,Nazr Mohammed,Raymond Felton,2,9:06,CHA,sub,,,,Nazr Mohammed,,Emeka Okafor,,,,,,,,,,,,
Allen Iverson,Antonio McDyess,Arron Afflalo,Jason Maxiell,Will Bynum,Adam Morrison,Boris Diaw,Matt Carroll,Nazr Mohammed,Raymond Felton,2,8:56,CHA,shot,,,,,,,,,,Adam Morrison,,,,missed,,jump,36,21
Allen Iverson,Antonio McDyess,Arron Afflalo,Jason Maxiell,Will Bynum,Adam Morrison,Boris Diaw,Matt Carroll,Nazr Mohammed,Raymond Felton,2,8:55,DET,rebound,,,,,,,,,,Allen Iverson,,,,,,def,,
Allen Iverson,Antonio McDyess,Arron Afflalo,Jason Maxiell,Will Bynum,Adam Morrison,Boris Diaw,Matt Carroll,Nazr Mohammed,Raymond Felton,2,8:48,CHA,foul,,,,,,,,Allen Iverson,,Matt Carroll,,,,,,shooting,,
Allen Iverson,Antonio McDyess,Arron Afflalo,Jason Maxiell,Will Bynum,Adam Morrison,Boris Diaw,Matt Carroll,Nazr Mohammed,Raymond Felton,2,8:48,OFF,timeout,,,,,,,,,,,,,,,,official,,
Allen Iverson,Antonio McDyess,Arron Afflalo,Jason Maxiell,Will Bynum,Adam Morrison,Boris Diaw,Matt Carroll,Nazr Mohammed,Raymond Felton,2,8:48,DET,free throw,,,,,,,1,,2,Allen Iverson,,,foul,missed,,,,
Allen Iverson,Antonio McDyess,Arron Afflalo,Jason Maxiell,Will Bynum,Adam Morrison,Boris Diaw,Matt Carroll,Nazr Mohammed,Raymond Felton,2,8:48,DET,rebound,,,,,,,,,,,,,,,,,,
Allen Iverson,Antonio McDyess,Arron Afflalo,Jason Maxiell,Will Bynum,Adam Morrison,Boris Diaw,Matt Carroll,Nazr Mohammed,Raymond Felton,2,8:48,DET,free throw,,,,,,,2,,2,Allen Iverson,,,foul,made,,,,
Allen Iverson,Antonio McDyess,Arron Afflalo,Jason Maxiell,Will Bynum,Adam Morrison,Boris Diaw,Matt Carroll,Nazr Mohammed,Raymond Felton,2,8:28,DET,foul,,,,,,,,Raymond Felton,,Antonio McDyess,,,,,,personal,,
Allen Iverson,Antonio McDyess,Arron Afflalo,Jason Maxiell,Will Bynum,Adam Morrison,Boris Diaw,Matt Carroll,Nazr Mohammed,Raymond Felton,2,8:22,CHA,shot,,,,,,,,,,Raymond Felton,2,,,made,,driving jump,18,12
Allen Iverson,Antonio McDyess,Arron Afflalo,Jason Maxiell,Will Bynum,Adam Morrison,Boris Diaw,Matt Carroll,Nazr Mohammed,Raymond Felton,2,8:04,DET,turnover,,,,,,,,,,Will Bynum,,,bad pass,,Boris Diaw,,,
Allen Iverson,Antonio McDyess,Arron Afflalo,Jason Maxiell,Will Bynum,Adam Morrison,Boris Diaw,Matt Carroll,Nazr Mohammed,Raymond Felton,2,7:46,CHA,shot,,,,,,,,,,Boris Diaw,,,,missed,,layup,25,6
Allen Iverson,Antonio McDyess,Arron Afflalo,Jason Maxiell,Will Bynum,Adam Morrison,Boris Diaw,Matt Carroll,Nazr Mohammed,Raymond Felton,2,7:46,CHA,rebound,,,,,,,,,,Boris Diaw,,,,,,off,,
Allen Iverson,Antonio McDyess,Arron Afflalo,Jason Maxiell,Will Bynum,Adam Morrison,Boris Diaw,Matt Carroll,Nazr Mohammed,Raymond Felton,2,7:46,DET,foul,,,,,,,,Boris Diaw,,Jason Maxiell,,,,,,personal,,
Allen Iverson,Antonio McDyess,Arron Afflalo,Jason Maxiell,Rodney Stuckey,Adam Morrison,Boris Diaw,Matt Carroll,Nazr Mohammed,Raymond Felton,2,7:46,DET,sub,,,,Rodney Stuckey,,Will Bynum,,,,,,,,,,,,
Allen Iverson,Antonio McDyess,Arron Afflalo,Jason Maxiell,Rodney Stuckey,Adam Morrison,Boris Diaw,Matt Carroll,Nazr Mohammed,Raymond Felton,2,7:38,CHA,shot,,,,,,,,,,Boris Diaw,2,,,made,,jump bank,20,12
Allen Iverson,Antonio McDyess,Arron Afflalo,Jason Maxiell,Rodney Stuckey,Adam Morrison,Boris Diaw,Matt Carroll,Nazr Mohammed,Raymond Felton,2,7:18,CHA,foul,,,,,,,,Allen Iverson,,Matt Carroll,,,,,,personal,,
Allen Iverson,Antonio McDyess,Arron Afflalo,Jason Maxiell,Rodney Stuckey,Adam Morrison,Boris Diaw,D.J. Augustin,Matt Carroll,Nazr Mohammed,2,7:18,CHA,sub,,,,D.J. Augustin,,Raymond Felton,,,,,,,,,,,,
Allen Iverson,Antonio McDyess,Arron Afflalo,Jason Maxiell,Rodney Stuckey,Adam Morrison,Boris Diaw,D.J. Augustin,Matt Carroll,Nazr Mohammed,2,7:07,DET,shot,,,Nazr Mohammed,,,,,,,Antonio McDyess,,,,missed,,layup,25,6
Allen Iverson,Antonio McDyess,Arron Afflalo,Jason Maxiell,Rodney Stuckey,Adam Morrison,Boris Diaw,D.J. Augustin,Matt Carroll,Nazr Mohammed,2,7:05,DET,rebound,,,,,,,,,,Allen Iverson,,,,,,off,,
Allen Iverson,Antonio McDyess,Arron Afflalo,Jason Maxiell,Rodney Stuckey,Adam Morrison,Boris Diaw,D.J. Augustin,Matt Carroll,Nazr Mohammed,2,7:00,DET,shot,,,,,,,,,,Allen Iverson,3,,,made,,3pt,2,8
Allen Iverson,Antonio McDyess,Arron Afflalo,Jason Maxiell,Rodney Stuckey,Adam Morrison,Boris Diaw,D.J. Augustin,Matt Carroll,Nazr Mohammed,2,6:47,CHA,shot,Matt Carroll,,,,,,,,,Nazr Mohammed,2,,,made,,reverse layup,25,6
Allen Iverson,Antonio McDyess,Arron Afflalo,Jason Maxiell,Rodney Stuckey,Adam Morrison,Boris Diaw,D.J. Augustin,Matt Carroll,Nazr Mohammed,2,6:34,DET,shot,,,,,,,,,,Allen Iverson,,,,missed,,jump,20,27
Allen Iverson,Antonio McDyess,Arron Afflalo,Jason Maxiell,Rodney Stuckey,Adam Morrison,Boris Diaw,D.J. Augustin,Matt Carroll,Nazr Mohammed,2,6:32,CHA,rebound,,,,,,,,,,Boris Diaw,,,,,,def,,
Allen Iverson,Antonio McDyess,Arron Afflalo,Jason Maxiell,Rodney Stuckey,Adam Morrison,Boris Diaw,D.J. Augustin,Matt Carroll,Nazr Mohammed,2,6:20,CHA,shot,,,,,,,,,,D.J. Augustin,,,,missed,,layup,25,6
Allen Iverson,Antonio McDyess,Arron Afflalo,Jason Maxiell,Rodney Stuckey,Adam Morrison,Boris Diaw,D.J. Augustin,Matt Carroll,Nazr Mohammed,2,6:18,DET,rebound,,,,,,,,,,Antonio McDyess,,,,,,def,,
Allen Iverson,Antonio McDyess,Arron Afflalo,Jason Maxiell,Rodney Stuckey,Adam Morrison,Boris Diaw,D.J. Augustin,Matt Carroll,Nazr Mohammed,2,6:11,DET,shot,Rodney Stuckey,,,,,,,,,Arron Afflalo,2,,,made,,jump,5,8
Allen Iverson,Antonio McDyess,Arron Afflalo,Jason Maxiell,Rodney Stuckey,Adam Morrison,Boris Diaw,D.J. Augustin,Matt Carroll,Nazr Mohammed,2,6:07,CHA,foul,,,,,,,,,,Stricker,,,,,,technical,,
Allen Iverson,Antonio McDyess,Arron Afflalo,Jason Maxiell,Rodney Stuckey,Adam Morrison,Boris Diaw,D.J. Augustin,Matt Carroll,Nazr Mohammed,2,6:07,DET,free throw,,,,,,,1,,1,Arron Afflalo,,,technical,made,,,,
Allen Iverson,Antonio McDyess,Arron Afflalo,Jason Maxiell,Rodney Stuckey,Adam Morrison,Boris Diaw,D.J. Augustin,Matt Carroll,Nazr Mohammed,2,5:56,CHA,shot,Boris Diaw,,,,,,,,,Matt Carroll,2,,,made,,jump,10,18
Allen Iverson,Antonio McDyess,Arron Afflalo,Jason Maxiell,Rodney Stuckey,Adam Morrison,Boris Diaw,D.J. Augustin,Matt Carroll,Nazr Mohammed,2,5:34,DET,shot,,,,,,,,,,Arron Afflalo,,,,missed,,3pt,34,30
Allen Iverson,Antonio McDyess,Arron Afflalo,Jason Maxiell,Rodney Stuckey,Adam Morrison,Boris Diaw,D.J. Augustin,Matt Carroll,Nazr Mohammed,2,5:33,CHA,rebound,,,,,,,,,,D.J. Augustin,,,,,,def,,
Allen Iverson,Antonio McDyess,Arron Afflalo,Jason Maxiell,Rodney Stuckey,Adam Morrison,Boris Diaw,D.J. Augustin,Matt Carroll,Nazr Mohammed,2,5:21,CHA,shot,,,,,,,,,,Adam Morrison,,,,missed,,3pt,48,8
Allen Iverson,Antonio McDyess,Arron Afflalo,Jason Maxiell,Rodney Stuckey,Adam Morrison,Boris Diaw,D.J. Augustin,Matt Carroll,Nazr Mohammed,2,5:21,CHA,rebound,,,,,,,,,,,,,,,,,,
Allen Iverson,Antonio McDyess,Arron Afflalo,Jason Maxiell,Rodney Stuckey,Adam Morrison,Boris Diaw,D.J. Augustin,Matt Carroll,Nazr Mohammed,2,5:21,DET,foul,,,,,,,,Nazr Mohammed,,Antonio McDyess,,,,,,loose ball,,
Allen Iverson,Antonio McDyess,Arron Afflalo,Jason Maxiell,Rodney Stuckey,Adam Morrison,Boris Diaw,D.J. Augustin,Matt Carroll,Nazr Mohammed,2,5:21,CHA,timeout,,,,,,,,,,,,,,,,regular,,
Allen Iverson,Arron Afflalo,Jason Maxiell,Richard Hamilton,Rodney Stuckey,Adam Morrison,Boris Diaw,D.J. Augustin,Matt Carroll,Nazr Mohammed,2,5:21,DET,sub,,,,Richard Hamilton,,Antonio McDyess,,,,,,,,,,,,
Allen Iverson,Jason Maxiell,Richard Hamilton,Rodney Stuckey,Tayshaun Prince,Adam Morrison,Boris Diaw,D.J. Augustin,Matt Carroll,Nazr Mohammed,2,5:21,DET,sub,,,,Tayshaun Prince,,Arron Afflalo,,,,,,,,,,,,
Allen Iverson,Jason Maxiell,Richard Hamilton,Rodney Stuckey,Tayshaun Prince,Adam Morrison,Boris Diaw,Matt Carroll,Nazr Mohammed,Raymond Felton,2,5:21,CHA,sub,,,,Raymond Felton,,D.J. Augustin,,,,,,,,,,,,
Allen Iverson,Jason Maxiell,Richard Hamilton,Rodney Stuckey,Tayshaun Prince,Adam Morrison,Boris Diaw,Matt Carroll,Nazr Mohammed,Raymond Felton,2,5:14,DET,foul,,,,,,,,Boris Diaw,,Jason Maxiell,,,,,,shooting,,
Allen Iverson,Jason Maxiell,Richard Hamilton,Rodney Stuckey,Tayshaun Prince,Adam Morrison,Boris Diaw,Matt Carroll,Nazr Mohammed,Raymond Felton,2,5:14,CHA,free throw,,,,,,,1,,2,Boris Diaw,,,foul,missed,,,,
Allen Iverson,Jason Maxiell,Richard Hamilton,Rodney Stuckey,Tayshaun Prince,Adam Morrison,Boris Diaw,Matt Carroll,Nazr Mohammed,Raymond Felton,2,5:14,CHA,rebound,,,,,,,,,,,,,,,,,,
Allen Iverson,Jason Maxiell,Richard Hamilton,Rodney Stuckey,Tayshaun Prince,Boris Diaw,Matt Carroll,Nazr Mohammed,Raja Bell,Raymond Felton,2,5:14,CHA,sub,,,,Raja Bell,,Adam Morrison,,,,,,,,,,,,
Allen Iverson,Jason Maxiell,Richard Hamilton,Rodney Stuckey,Tayshaun Prince,Boris Diaw,Matt Carroll,Nazr Mohammed,Raja Bell,Raymond Felton,2,5:14,CHA,free throw,,,,,,,2,,2,Boris Diaw,,,foul,missed,,,,
Allen Iverson,Jason Maxiell,Richard Hamilton,Rodney Stuckey,Tayshaun Prince,Boris Diaw,Matt Carroll,Nazr Mohammed,Raja Bell,Raymond Felton,2,5:12,DET,rebound,,,,,,,,,,Tayshaun Prince,,,,,,def,,
Allen Iverson,Jason Maxiell,Richard Hamilton,Rodney Stuckey,Tayshaun Prince,Boris Diaw,Matt Carroll,Nazr Mohammed,Raja Bell,Raymond Felton,2,4:59,DET,turnover,,,,,,,,,,Allen Iverson,,,bad pass,,,,,
Allen Iverson,Jason Maxiell,Richard Hamilton,Rodney Stuckey,Tayshaun Prince,Boris Diaw,Matt Carroll,Nazr Mohammed,Raja Bell,Raymond Felton,2,4:48,CHA,shot,,,,,,,,,,Raymond Felton,,,,missed,,jump,17,23
Allen Iverson,Jason Maxiell,Richard Hamilton,Rodney Stuckey,Tayshaun Prince,Boris Diaw,Matt Carroll,Nazr Mohammed,Raja Bell,Raymond Felton,2,4:46,CHA,rebound,,,,,,,,,,Raja Bell,,,,,,off,,
Allen Iverson,Jason Maxiell,Richard Hamilton,Rodney Stuckey,Tayshaun Prince,Boris Diaw,Matt Carroll,Nazr Mohammed,Raja Bell,Raymond Felton,2,4:32,CHA,turnover,,,,,,,,,,Boris Diaw,,,lost ball,,Rodney Stuckey,,,
Allen Iverson,Jason Maxiell,Richard Hamilton,Rodney Stuckey,Tayshaun Prince,Boris Diaw,Matt Carroll,Nazr Mohammed,Raja Bell,Raymond Felton,2,4:24,DET,shot,Rodney Stuckey,,,,,,,,,Richard Hamilton,3,,,made,,3pt,7,25
Allen Iverson,Jason Maxiell,Richard Hamilton,Rodney Stuckey,Tayshaun Prince,Boris Diaw,Matt Carroll,Nazr Mohammed,Raja Bell,Raymond Felton,2,4:08,CHA,shot,,,,,,,,,,Matt Carroll,,,,missed,,3pt,1,11
Allen Iverson,Jason Maxiell,Richard Hamilton,Rodney Stuckey,Tayshaun Prince,Boris Diaw,Matt Carroll,Nazr Mohammed,Raja Bell,Raymond Felton,2,4:08,DET,rebound,,,,,,,,,,,,,,,,,,
Allen Iverson,Jason Maxiell,Richard Hamilton,Rodney Stuckey,Tayshaun Prince,Boris Diaw,Matt Carroll,Nazr Mohammed,Raja Bell,Raymond Felton,2,4:08,CHA,foul,,,,,,,,Richard Hamilton,,Raja Bell,,,,,,loose ball,,
Allen Iverson,Jason Maxiell,Richard Hamilton,Rodney Stuckey,Tayshaun Prince,Boris Diaw,Matt Carroll,Nazr Mohammed,Raja Bell,Raymond Felton,2,3:57,DET,shot,Rodney Stuckey,,,,,,,,,Allen Iverson,2,,,made,,jump,41,9
Allen Iverson,Jason Maxiell,Richard Hamilton,Rodney Stuckey,Tayshaun Prince,Boris Diaw,Matt Carroll,Nazr Mohammed,Raja Bell,Raymond Felton,2,3:35,CHA,shot,,,Tayshaun Prince,,,,,,,Raymond Felton,,,,missed,,layup,25,6
Allen Iverson,Jason Maxiell,Richard Hamilton,Rodney Stuckey,Tayshaun Prince,Boris Diaw,Matt Carroll,Nazr Mohammed,Raja Bell,Raymond Felton,2,3:33,CHA,rebound,,,,,,,,,,,,,,,,,,
Allen Iverson,Jason Maxiell,Richard Hamilton,Rodney Stuckey,Tayshaun Prince,Boris Diaw,Matt Carroll,Nazr Mohammed,Raja Bell,Raymond Felton,2,3:33,CHA,timeout,,,,,,,,,,,,,,,,short,,
Allen Iverson,Jason Maxiell,Richard Hamilton,Rodney Stuckey,Tayshaun Prince,Boris Diaw,Matt Carroll,Nazr Mohammed,Raja Bell,Raymond Felton,2,3:30,CHA,shot,,,,,,,,,,Boris Diaw,,,,missed,,jump,10,9
Allen Iverson,Jason Maxiell,Richard Hamilton,Rodney Stuckey,Tayshaun Prince,Boris Diaw,Matt Carroll,Nazr Mohammed,Raja Bell,Raymond Felton,2,3:29,DET,rebound,,,,,,,,,,Rodney Stuckey,,,,,,def,,
Allen Iverson,Jason Maxiell,Richard Hamilton,Rodney Stuckey,Tayshaun Prince,Boris Diaw,Matt Carroll,Nazr Mohammed,Raja Bell,Raymond Felton,2,3:22,DET,shot,Rodney Stuckey,,,,,,,,,Richard Hamilton,2,,,made,,jump,5,9
Allen Iverson,Jason Maxiell,Richard Hamilton,Rodney Stuckey,Tayshaun Prince,Boris Diaw,Matt Carroll,Nazr Mohammed,Raja Bell,Raymond Felton,2,3:10,CHA,shot,,,,,,,,,,Raja Bell,,,,missed,,jump,41,11
Allen Iverson,Jason Maxiell,Richard Hamilton,Rodney Stuckey,Tayshaun Prince,Boris Diaw,Matt Carroll,Nazr Mohammed,Raja Bell,Raymond Felton,2,3:07,CHA,shot,,,,,,,,,,Boris Diaw,2,,,made,,layup,25,6
Allen Iverson,Jason Maxiell,Richard Hamilton,Rodney Stuckey,Tayshaun Prince,Boris Diaw,Matt Carroll,Nazr Mohammed,Raja Bell,Raymond Felton,2,3:07,CHA,rebound,,,,,,,,,,Boris Diaw,,,,,,off,,
Allen Iverson,Jason Maxiell,Richard Hamilton,Rodney Stuckey,Tayshaun Prince,Boris Diaw,Matt Carroll,Nazr Mohammed,Raja Bell,Raymond Felton,2,2:57,DET,turnover,,,,,,,,,,Richard Hamilton,,,illegal screen turnover,,,,,
Allen Iverson,Jason Maxiell,Richard Hamilton,Rodney Stuckey,Tayshaun Prince,Boris Diaw,Matt Carroll,Nazr Mohammed,Raja Bell,Raymond Felton,2,2:57,DET,timeout,,,,,,,,,,,,,,,,regular,,
Allen Iverson,Jason Maxiell,Richard Hamilton,Rodney Stuckey,Tayshaun Prince,Boris Diaw,Gerald Wallace,Nazr Mohammed,Raja Bell,Raymond Felton,2,2:57,CHA,sub,,,,Gerald Wallace,,Matt Carroll,,,,,,,,,,,,
Allen Iverson,Jason Maxiell,Richard Hamilton,Rodney Stuckey,Tayshaun Prince,Boris Diaw,Emeka Okafor,Gerald Wallace,Raja Bell,Raymond Felton,2,2:57,CHA,sub,,,,Emeka Okafor,,Nazr Mohammed,,,,,,,,,,,,
Allen Iverson,Jason Maxiell,Richard Hamilton,Rodney Stuckey,Tayshaun Prince,Boris Diaw,Emeka Okafor,Gerald Wallace,Raja Bell,Raymond Felton,2,2:35,CHA,shot,Boris Diaw,,,,,,,,,Emeka Okafor,2,,,made,,dunk,25,6
Allen Iverson,Jason Maxiell,Richard Hamilton,Rodney Stuckey,Tayshaun Prince,Boris Diaw,Emeka Okafor,Gerald Wallace,Raja Bell,Raymond Felton,2,2:07,DET,shot,,,,,,,,,,Jason Maxiell,,,,missed,,fade away jumper,11,14
Allen Iverson,Jason Maxiell,Richard Hamilton,Rodney Stuckey,Tayshaun Prince,Boris Diaw,Emeka Okafor,Gerald Wallace,Raja Bell,Raymond Felton,2,2:04,CHA,rebound,,,,,,,,,,Emeka Okafor,,,,,,def,,
Allen Iverson,Jason Maxiell,Richard Hamilton,Rodney Stuckey,Tayshaun Prince,Boris Diaw,Emeka Okafor,Gerald Wallace,Raja Bell,Raymond Felton,2,1:42,CHA,shot,,,,,,,,,,Gerald Wallace,,,,missed,,3pt,49,9
Allen Iverson,Jason Maxiell,Richard Hamilton,Rodney Stuckey,Tayshaun Prince,Boris Diaw,Emeka Okafor,Gerald Wallace,Raja Bell,Raymond Felton,2,1:41,DET,rebound,,,,,,,,,,Tayshaun Prince,,,,,,def,,
Allen Iverson,Jason Maxiell,Richard Hamilton,Rodney Stuckey,Tayshaun Prince,Boris Diaw,Emeka Okafor,Gerald Wallace,Raja Bell,Raymond Felton,2,1:34,DET,shot,,,,,,,,,,Rodney Stuckey,2,,,made,,driving layup,25,6
Allen Iverson,Jason Maxiell,Richard Hamilton,Rodney Stuckey,Tayshaun Prince,Boris Diaw,Emeka Okafor,Gerald Wallace,Raja Bell,Raymond Felton,2,1:17,CHA,shot,Emeka Okafor,,,,,,,,,Gerald Wallace,2,,,made,,layup,25,6
Allen Iverson,Jason Maxiell,Richard Hamilton,Rodney Stuckey,Tayshaun Prince,Boris Diaw,Emeka Okafor,Gerald Wallace,Raja Bell,Raymond Felton,2,1:00,DET,shot,Rodney Stuckey,,,,,,,,,Jason Maxiell,2,,,made,,layup,25,6
Allen Iverson,Jason Maxiell,Richard Hamilton,Rodney Stuckey,Tayshaun Prince,Boris Diaw,Emeka Okafor,Gerald Wallace,Raja Bell,Raymond Felton,2,0:41,CHA,shot,,,,,,,,,,Boris Diaw,,,,missed,,layup,25,6
Allen Iverson,Jason Maxiell,Richard Hamilton,Rodney Stuckey,Tayshaun Prince,Boris Diaw,Emeka Okafor,Gerald Wallace,Raja Bell,Raymond Felton,2,0:41,DET,rebound,,,,,,,,,,,,,,,,,,
Allen Iverson,Jason Maxiell,Richard Hamilton,Rodney Stuckey,Tayshaun Prince,Boris Diaw,Emeka Okafor,Gerald Wallace,Raja Bell,Raymond Felton,2,0:41,CHA,foul,,,,,,,,Jason Maxiell,,Emeka Okafor,,,,,,loose ball,,
Allen Iverson,Jason Maxiell,Richard Hamilton,Rodney Stuckey,Tayshaun Prince,Emeka Okafor,Gerald Wallace,Matt Carroll,Raja Bell,Raymond Felton,2,0:41,CHA,sub,,,,Matt Carroll,,Boris Diaw,,,,,,,,,,,,
Allen Iverson,Jason Maxiell,Richard Hamilton,Rodney Stuckey,Tayshaun Prince,Emeka Okafor,Gerald Wallace,Matt Carroll,Raja Bell,Raymond Felton,2,0:30,DET,turnover,,,,,,,,,,Richard Hamilton,,,bad pass,,Gerald Wallace,,,
Allen Iverson,Jason Maxiell,Richard Hamilton,Rodney Stuckey,Tayshaun Prince,Emeka Okafor,Gerald Wallace,Matt Carroll,Raja Bell,Raymond Felton,2,0:28,DET,foul,,,,,,,,Gerald Wallace,,Rodney Stuckey,,,,,,shooting,,
Allen Iverson,Jason Maxiell,Richard Hamilton,Rodney Stuckey,Tayshaun Prince,Emeka Okafor,Gerald Wallace,Matt Carroll,Raja Bell,Raymond Felton,2,0:28,CHA,free throw,,,,,,,1,,2,Gerald Wallace,,,foul,made,,,,
Allen Iverson,Jason Maxiell,Richard Hamilton,Rodney Stuckey,Tayshaun Prince,Emeka Okafor,Gerald Wallace,Matt Carroll,Raja Bell,Raymond Felton,2,0:28,CHA,free throw,,,,,,,2,,2,Gerald Wallace,,,foul,made,,,,
Allen Iverson,Jason Maxiell,Richard Hamilton,Rodney Stuckey,Tayshaun Prince,Emeka Okafor,Gerald Wallace,Matt Carroll,Raja Bell,Raymond Felton,2,0:09,DET,shot,Rodney Stuckey,,,,,,,,,Tayshaun Prince,2,,,made,,jump,26,25
Allen Iverson,Jason Maxiell,Richard Hamilton,Rodney Stuckey,Tayshaun Prince,Emeka Okafor,Gerald Wallace,Matt Carroll,Raja Bell,Raymond Felton,2,0:00,CHA,shot,,,,,,,,,,Raymond Felton,,,,missed,,layup,25,6
Allen Iverson,Jason Maxiell,Richard Hamilton,Rodney Stuckey,Tayshaun Prince,Emeka Okafor,Gerald Wallace,Matt Carroll,Raja Bell,Raymond Felton,2,0:00,DET,rebound,,,,,,,,,,Allen Iverson,,,,,,def,,
Allen Iverson,Rasheed Wallace,Richard Hamilton,Rodney Stuckey,Tayshaun Prince,Boris Diaw,Emeka Okafor,Gerald Wallace,Raja Bell,Raymond Felton,3,11:34,DET,shot,,,,,,,,,,Tayshaun Prince,,,,missed,,turnaround jump,15,13
Allen Iverson,Rasheed Wallace,Richard Hamilton,Rodney Stuckey,Tayshaun Prince,Boris Diaw,Emeka Okafor,Gerald Wallace,Raja Bell,Raymond Felton,3,11:32,CHA,rebound,,,,,,,,,,Boris Diaw,,,,,,def,,
Allen Iverson,Rasheed Wallace,Richard Hamilton,Rodney Stuckey,Tayshaun Prince,Boris Diaw,Emeka Okafor,Gerald Wallace,Raja Bell,Raymond Felton,3,11:20,CHA,shot,Boris Diaw,,,,,,,,,Raja Bell,2,,,made,,jump,7,18
Allen Iverson,Rasheed Wallace,Richard Hamilton,Rodney Stuckey,Tayshaun Prince,Boris Diaw,Emeka Okafor,Gerald Wallace,Raja Bell,Raymond Felton,3,11:00,DET,shot,,,,,,,,,,Tayshaun Prince,,,,missed,,jump,23,24
Allen Iverson,Rasheed Wallace,Richard Hamilton,Rodney Stuckey,Tayshaun Prince,Boris Diaw,Emeka Okafor,Gerald Wallace,Raja Bell,Raymond Felton,3,10:59,CHA,rebound,,,,,,,,,,Raja Bell,,,,,,def,,
Allen Iverson,Rasheed Wallace,Richard Hamilton,Rodney Stuckey,Tayshaun Prince,Boris Diaw,Emeka Okafor,Gerald Wallace,Raja Bell,Raymond Felton,3,10:46,CHA,shot,,,,,,,,,,Raja Bell,,,,missed,,fade away bank,15,12
Allen Iverson,Rasheed Wallace,Richard Hamilton,Rodney Stuckey,Tayshaun Prince,Boris Diaw,Emeka Okafor,Gerald Wallace,Raja Bell,Raymond Felton,3,10:45,CHA,rebound,,,,,,,,,,Emeka Okafor,,,,,,off,,
Allen Iverson,Rasheed Wallace,Richard Hamilton,Rodney Stuckey,Tayshaun Prince,Boris Diaw,Emeka Okafor,Gerald Wallace,Raja Bell,Raymond Felton,3,10:43,CHA,shot,,,,,,,,,,Emeka Okafor,,,,missed,,jump,25,12
Allen Iverson,Rasheed Wallace,Richard Hamilton,Rodney Stuckey,Tayshaun Prince,Boris Diaw,Emeka Okafor,Gerald Wallace,Raja Bell,Raymond Felton,3,10:42,DET,rebound,,,,,,,,,,Rodney Stuckey,,,,,,def,,
Allen Iverson,Rasheed Wallace,Richard Hamilton,Rodney Stuckey,Tayshaun Prince,Boris Diaw,Emeka Okafor,Gerald Wallace,Raja Bell,Raymond Felton,3,10:31,DET,shot,,,,,,,,,,Allen Iverson,,,,missed,,layup,25,6
Allen Iverson,Rasheed Wallace,Richard Hamilton,Rodney Stuckey,Tayshaun Prince,Boris Diaw,Emeka Okafor,Gerald Wallace,Raja Bell,Raymond Felton,3,10:29,CHA,rebound,,,,,,,,,,Emeka Okafor,,,,,,def,,
Allen Iverson,Rasheed Wallace,Richard Hamilton,Rodney Stuckey,Tayshaun Prince,Boris Diaw,Emeka Okafor,Gerald Wallace,Raja Bell,Raymond Felton,3,10:23,CHA,shot,,,,,,,,,,Raymond Felton,,,,missed,,jump,11,20
Allen Iverson,Rasheed Wallace,Richard Hamilton,Rodney Stuckey,Tayshaun Prince,Boris Diaw,Emeka Okafor,Gerald Wallace,Raja Bell,Raymond Felton,3,10:22,DET,rebound,,,,,,,,,,Richard Hamilton,,,,,,def,,
Allen Iverson,Rasheed Wallace,Richard Hamilton,Rodney Stuckey,Tayshaun Prince,Boris Diaw,Emeka Okafor,Gerald Wallace,Raja Bell,Raymond Felton,3,10:07,DET,shot,,,,,,,,,,Rodney Stuckey,2,,,made,,driving layup,25,6
Allen Iverson,Rasheed Wallace,Richard Hamilton,Rodney Stuckey,Tayshaun Prince,Boris Diaw,Emeka Okafor,Gerald Wallace,Raja Bell,Raymond Felton,3,9:43,CHA,shot,,,,,,,,,,Raja Bell,,,,missed,,3pt,36,29
Allen Iverson,Rasheed Wallace,Richard Hamilton,Rodney Stuckey,Tayshaun Prince,Boris Diaw,Emeka Okafor,Gerald Wallace,Raja Bell,Raymond Felton,3,9:43,DET,rebound,,,,,,,,,,,,,,,,,,
Allen Iverson,Rasheed Wallace,Richard Hamilton,Rodney Stuckey,Tayshaun Prince,Boris Diaw,Emeka Okafor,Gerald Wallace,Raja Bell,Raymond Felton,3,9:22,DET,shot,,,,,,,,,,Richard Hamilton,,,,missed,,jump,8,20
Allen Iverson,Rasheed Wallace,Richard Hamilton,Rodney Stuckey,Tayshaun Prince,Boris Diaw,Emeka Okafor,Gerald Wallace,Raja Bell,Raymond Felton,3,9:21,CHA,rebound,,,,,,,,,,Raja Bell,,,,,,def,,
Allen Iverson,Rasheed Wallace,Richard Hamilton,Rodney Stuckey,Tayshaun Prince,Boris Diaw,Emeka Okafor,Gerald Wallace,Raja Bell,Raymond Felton,3,9:08,CHA,shot,,,,,,,,,,Gerald Wallace,,,,missed,,jump,9,19
Allen Iverson,Rasheed Wallace,Richard Hamilton,Rodney Stuckey,Tayshaun Prince,Boris Diaw,Emeka Okafor,Gerald Wallace,Raja Bell,Raymond Felton,3,9:06,DET,rebound,,,,,,,,,,Tayshaun Prince,,,,,,def,,
Allen Iverson,Rasheed Wallace,Richard Hamilton,Rodney Stuckey,Tayshaun Prince,Boris Diaw,Emeka Okafor,Gerald Wallace,Raja Bell,Raymond Felton,3,8:52,DET,shot,Tayshaun Prince,,,,,,,,,Allen Iverson,3,,,made,,3pt,10,27
Allen Iverson,Rasheed Wallace,Richard Hamilton,Rodney Stuckey,Tayshaun Prince,Boris Diaw,Emeka Okafor,Gerald Wallace,Raja Bell,Raymond Felton,3,8:39,CHA,shot,,,,,,,,,,Gerald Wallace,,,,missed,,layup,25,6
Allen Iverson,Rasheed Wallace,Richard Hamilton,Rodney Stuckey,Tayshaun Prince,Boris Diaw,Emeka Okafor,Gerald Wallace,Raja Bell,Raymond Felton,3,8:38,DET,rebound,,,,,,,,,,Richard Hamilton,,,,,,def,,
Allen Iverson,Rasheed Wallace,Richard Hamilton,Rodney Stuckey,Tayshaun Prince,Boris Diaw,Emeka Okafor,Gerald Wallace,Raja Bell,Raymond Felton,3,8:31,CHA,foul,,,,,,,,Allen Iverson,,Raja Bell,,,,,,personal,,
Allen Iverson,Rasheed Wallace,Richard Hamilton,Rodney Stuckey,Tayshaun Prince,Boris Diaw,Emeka Okafor,Gerald Wallace,Raja Bell,Raymond Felton,3,8:16,DET,shot,,,,,,,,,,Rasheed Wallace,2,,,made,,turnaround bank,10,14
Allen Iverson,Rasheed Wallace,Richard Hamilton,Rodney Stuckey,Tayshaun Prince,Boris Diaw,Emeka Okafor,Gerald Wallace,Raja Bell,Raymond Felton,3,8:00,CHA,turnover,,,,,,,,,,Raymond Felton,,,lost ball,,Rodney Stuckey,,,
Allen Iverson,Rasheed Wallace,Richard Hamilton,Rodney Stuckey,Tayshaun Prince,Boris Diaw,Emeka Okafor,Gerald Wallace,Raja Bell,Raymond Felton,3,7:57,DET,shot,,,Raymond Felton,,,,,,,Richard Hamilton,,,,missed,,layup,25,6
Allen Iverson,Rasheed Wallace,Richard Hamilton,Rodney Stuckey,Tayshaun Prince,Boris Diaw,Emeka Okafor,Gerald Wallace,Raja Bell,Raymond Felton,3,7:57,DET,rebound,,,,,,,,,,,,,,,,,,
Allen Iverson,Rasheed Wallace,Richard Hamilton,Rodney Stuckey,Tayshaun Prince,Boris Diaw,Emeka Okafor,Gerald Wallace,Raja Bell,Raymond Felton,3,7:51,DET,shot,,,,,,,,,,Allen Iverson,3,,,made,,3pt,49,14
Allen Iverson,Rasheed Wallace,Richard Hamilton,Rodney Stuckey,Tayshaun Prince,Boris Diaw,Emeka Okafor,Gerald Wallace,Raja Bell,Raymond Felton,3,7:36,CHA,shot,,,,,,,,,,Gerald Wallace,2,,,made,,layup,25,6
Allen Iverson,Rasheed Wallace,Richard Hamilton,Rodney Stuckey,Tayshaun Prince,Boris Diaw,Emeka Okafor,Gerald Wallace,Raja Bell,Raymond Felton,3,7:36,DET,foul,,,,,,,,Gerald Wallace,,Richard Hamilton,,,,,,shooting,,
Allen Iverson,Rasheed Wallace,Richard Hamilton,Rodney Stuckey,Tayshaun Prince,Boris Diaw,Emeka Okafor,Gerald Wallace,Raja Bell,Raymond Felton,3,7:36,CHA,free throw,,,,,,,1,,1,Gerald Wallace,,,foul,made,,,,
Allen Iverson,Rasheed Wallace,Richard Hamilton,Rodney Stuckey,Tayshaun Prince,Boris Diaw,Emeka Okafor,Gerald Wallace,Raja Bell,Raymond Felton,3,7:19,DET,shot,Rodney Stuckey,,,,,,,,,Tayshaun Prince,2,,,made,,driving dunk,25,6
Allen Iverson,Rasheed Wallace,Richard Hamilton,Rodney Stuckey,Tayshaun Prince,Boris Diaw,Emeka Okafor,Gerald Wallace,Raja Bell,Raymond Felton,3,6:58,CHA,shot,Boris Diaw,,,,,,,,,Raja Bell,2,,,made,,jump,28,26
Allen Iverson,Rasheed Wallace,Richard Hamilton,Rodney Stuckey,Tayshaun Prince,Boris Diaw,Emeka Okafor,Gerald Wallace,Raja Bell,Raymond Felton,3,6:40,DET,shot,,,,,,,,,,Rasheed Wallace,,,,missed,,3pt,48,9
Allen Iverson,Rasheed Wallace,Richard Hamilton,Rodney Stuckey,Tayshaun Prince,Boris Diaw,Emeka Okafor,Gerald Wallace,Raja Bell,Raymond Felton,3,6:38,CHA,rebound,,,,,,,,,,Raja Bell,,,,,,def,,
Allen Iverson,Rasheed Wallace,Richard Hamilton,Rodney Stuckey,Tayshaun Prince,Boris Diaw,Emeka Okafor,Gerald Wallace,Raja Bell,Raymond Felton,3,6:22,CHA,turnover,,,,,,,,,,Boris Diaw,,,bad pass,,Richard Hamilton,,,
Allen Iverson,Rasheed Wallace,Richard Hamilton,Rodney Stuckey,Tayshaun Prince,Boris Diaw,Emeka Okafor,Gerald Wallace,Raja Bell,Raymond Felton,3,6:15,DET,shot,Allen Iverson,,,,,,,,,Richard Hamilton,3,,,made,,3pt,48,8
Allen Iverson,Rasheed Wallace,Richard Hamilton,Rodney Stuckey,Tayshaun Prince,Boris Diaw,Emeka Okafor,Gerald Wallace,Raja Bell,Raymond Felton,3,6:14,CHA,timeout,,,,,,,,,,,,,,,,regular,,
Allen Iverson,Rasheed Wallace,Richard Hamilton,Rodney Stuckey,Tayshaun Prince,Boris Diaw,Emeka Okafor,Gerald Wallace,Raja Bell,Raymond Felton,3,5:55,CHA,shot,,,,,,,,,,Emeka Okafor,,,,missed,,jump,10,10
Allen Iverson,Rasheed Wallace,Richard Hamilton,Rodney Stuckey,Tayshaun Prince,Boris Diaw,Emeka Okafor,Gerald Wallace,Raja Bell,Raymond Felton,3,5:52,DET,rebound,,,,,,,,,,Rasheed Wallace,,,,,,def,,
Allen Iverson,Rasheed Wallace,Richard Hamilton,Rodney Stuckey,Tayshaun Prince,Boris Diaw,Emeka Okafor,Gerald Wallace,Raja Bell,Raymond Felton,3,5:41,DET,shot,,,,,,,,,,Richard Hamilton,,,,missed,,jump,44,8
Allen Iverson,Rasheed Wallace,Richard Hamilton,Rodney Stuckey,Tayshaun Prince,Boris Diaw,Emeka Okafor,Gerald Wallace,Raja Bell,Raymond Felton,3,5:40,CHA,rebound,,,,,,,,,,Boris Diaw,,,,,,def,,
Allen Iverson,Rasheed Wallace,Richard Hamilton,Rodney Stuckey,Tayshaun Prince,Boris Diaw,Emeka Okafor,Gerald Wallace,Raja Bell,Raymond Felton,3,5:32,CHA,shot,,,,,,,,,,Raja Bell,,,,missed,,3pt,48,9
Allen Iverson,Rasheed Wallace,Richard Hamilton,Rodney Stuckey,Tayshaun Prince,Boris Diaw,Emeka Okafor,Gerald Wallace,Raja Bell,Raymond Felton,3,5:31,CHA,rebound,,,,,,,,,,Boris Diaw,,,,,,off,,
Allen Iverson,Rasheed Wallace,Richard Hamilton,Rodney Stuckey,Tayshaun Prince,Boris Diaw,Emeka Okafor,Gerald Wallace,Raja Bell,Raymond Felton,3,5:22,CHA,shot,,,Tayshaun Prince,,,,,,,Raymond Felton,,,,missed,,layup,25,6
Allen Iverson,Rasheed Wallace,Richard Hamilton,Rodney Stuckey,Tayshaun Prince,Boris Diaw,Emeka Okafor,Gerald Wallace,Raja Bell,Raymond Felton,3,5:22,DET,rebound,,,,,,,,,,,,,,,,,,
Allen Iverson,Rasheed Wallace,Richard Hamilton,Rodney Stuckey,Tayshaun Prince,Boris Diaw,Emeka Okafor,Gerald Wallace,Raja Bell,Raymond Felton,3,5:22,CHA,foul,,,,,,,,Tayshaun Prince,,Raymond Felton,,,,,,loose ball,,
Allen Iverson,Rasheed Wallace,Richard Hamilton,Rodney Stuckey,Tayshaun Prince,Boris Diaw,Emeka Okafor,Gerald Wallace,Raja Bell,Raymond Felton,3,5:03,CHA,foul,,,,,,,,Allen Iverson,,Gerald Wallace,,,,,,shooting,,
Allen Iverson,Rasheed Wallace,Richard Hamilton,Rodney Stuckey,Tayshaun Prince,Boris Diaw,Emeka Okafor,Gerald Wallace,Raja Bell,Raymond Felton,3,5:03,DET,free throw,,,,,,,1,,2,Allen Iverson,,,foul,missed,,,,
Allen Iverson,Rasheed Wallace,Richard Hamilton,Rodney Stuckey,Tayshaun Prince,Boris Diaw,Emeka Okafor,Gerald Wallace,Raja Bell,Raymond Felton,3,5:03,DET,rebound,,,,,,,,,,,,,,,,,,
Allen Iverson,Rasheed Wallace,Richard Hamilton,Rodney Stuckey,Tayshaun Prince,Boris Diaw,Emeka Okafor,Gerald Wallace,Raja Bell,Raymond Felton,3,5:03,DET,free throw,,,,,,,2,,2,Allen Iverson,,,foul,missed,,,,
Allen Iverson,Rasheed Wallace,Richard Hamilton,Rodney Stuckey,Tayshaun Prince,Boris Diaw,Emeka Okafor,Gerald Wallace,Raja Bell,Raymond Felton,3,5:01,CHA,rebound,,,,,,,,,,Emeka Okafor,,,,,,def,,
Allen Iverson,Rasheed Wallace,Richard Hamilton,Rodney Stuckey,Tayshaun Prince,Boris Diaw,Emeka Okafor,Gerald Wallace,Raja Bell,Raymond Felton,3,4:53,CHA,foul,,,,,,,,Allen Iverson,,Raja Bell,,,,,,offensive,,
Allen Iverson,Rasheed Wallace,Richard Hamilton,Rodney Stuckey,Tayshaun Prince,Boris Diaw,Emeka Okafor,Gerald Wallace,Raja Bell,Raymond Felton,3,4:53,CHA,turnover,,,,,,,,,,Raja Bell,,,foul,,,,,
Allen Iverson,Rasheed Wallace,Richard Hamilton,Rodney Stuckey,Tayshaun Prince,Boris Diaw,Emeka Okafor,Gerald Wallace,Raja Bell,Raymond Felton,3,4:39,DET,shot,Tayshaun Prince,,,,,,,,,Allen Iverson,3,,,made,,3pt,23,32
Allen Iverson,Rasheed Wallace,Richard Hamilton,Rodney Stuckey,Tayshaun Prince,Boris Diaw,Emeka Okafor,Gerald Wallace,Raja Bell,Raymond Felton,3,4:18,CHA,shot,,,,,,,,,,Gerald Wallace,2,,,made,,driving layup,25,6
Allen Iverson,Rasheed Wallace,Richard Hamilton,Rodney Stuckey,Tayshaun Prince,Boris Diaw,Emeka Okafor,Gerald Wallace,Raja Bell,Raymond Felton,3,4:05,DET,shot,,,,,,,,,,Rasheed Wallace,,,,missed,,jump,9,14
Allen Iverson,Rasheed Wallace,Richard Hamilton,Rodney Stuckey,Tayshaun Prince,Boris Diaw,Emeka Okafor,Gerald Wallace,Raja Bell,Raymond Felton,3,4:04,CHA,rebound,,,,,,,,,,Raja Bell,,,,,,def,,
Allen Iverson,Rasheed Wallace,Richard Hamilton,Rodney Stuckey,Tayshaun Prince,Boris Diaw,Emeka Okafor,Gerald Wallace,Raja Bell,Raymond Felton,3,3:50,CHA,shot,Emeka Okafor,,,,,,,,,Boris Diaw,2,,,made,,alley oop layup,25,6
Allen Iverson,Rasheed Wallace,Richard Hamilton,Rodney Stuckey,Tayshaun Prince,Boris Diaw,Emeka Okafor,Gerald Wallace,Raja Bell,Raymond Felton,3,3:30,DET,shot,Richard Hamilton,,,,,,,,,Rodney Stuckey,3,,,made,,3pt,26,33
Allen Iverson,Rasheed Wallace,Richard Hamilton,Rodney Stuckey,Tayshaun Prince,Boris Diaw,Emeka Okafor,Gerald Wallace,Raja Bell,Raymond Felton,3,3:12,CHA,foul,,,,,,,,Richard Hamilton,,Gerald Wallace,,,,,,offensive,,
Allen Iverson,Rasheed Wallace,Richard Hamilton,Rodney Stuckey,Tayshaun Prince,Boris Diaw,Emeka Okafor,Gerald Wallace,Raja Bell,Raymond Felton,3,3:12,CHA,turnover,,,,,,,,,,Gerald Wallace,,,foul,,,,,
Allen Iverson,Rasheed Wallace,Richard Hamilton,Rodney Stuckey,Tayshaun Prince,Boris Diaw,D.J. Augustin,Emeka Okafor,Gerald Wallace,Raymond Felton,3,3:12,CHA,sub,,,,D.J. Augustin,,Raja Bell,,,,,,,,,,,,
Allen Iverson,Rasheed Wallace,Richard Hamilton,Rodney Stuckey,Tayshaun Prince,Boris Diaw,D.J. Augustin,Emeka Okafor,Gerald Wallace,Raymond Felton,3,2:59,DET,shot,,,,,,,,,,Allen Iverson,,,,missed,,3pt,48,8
Allen Iverson,Rasheed Wallace,Richard Hamilton,Rodney Stuckey,Tayshaun Prince,Boris Diaw,D.J. Augustin,Emeka Okafor,Gerald Wallace,Raymond Felton,3,2:58,DET,rebound,,,,,,,,,,Rasheed Wallace,,,,,,off,,
Allen Iverson,Rasheed Wallace,Richard Hamilton,Rodney Stuckey,Tayshaun Prince,Boris Diaw,D.J. Augustin,Emeka Okafor,Gerald Wallace,Raymond Felton,3,2:53,DET,foul,,,,,,,,Gerald Wallace,,Rasheed Wallace,,,,,,offensive,,
Allen Iverson,Rasheed Wallace,Richard Hamilton,Rodney Stuckey,Tayshaun Prince,Boris Diaw,D.J. Augustin,Emeka Okafor,Gerald Wallace,Raymond Felton,3,2:53,DET,turnover,,,,,,,,,,Rasheed Wallace,,,foul,,,,,
Allen Iverson,Rasheed Wallace,Richard Hamilton,Rodney Stuckey,Tayshaun Prince,Boris Diaw,D.J. Augustin,Emeka Okafor,Gerald Wallace,Raymond Felton,3,2:53,DET,timeout,,,,,,,,,,,,,,,,regular,,
Allen Iverson,Rasheed Wallace,Richard Hamilton,Rodney Stuckey,Tayshaun Prince,Boris Diaw,D.J. Augustin,Emeka Okafor,Gerald Wallace,Raymond Felton,3,2:33,CHA,shot,,,,,,,,,,D.J. Augustin,2,,,made,,jump,19,23
Allen Iverson,Rasheed Wallace,Richard Hamilton,Rodney Stuckey,Tayshaun Prince,Boris Diaw,D.J. Augustin,Emeka Okafor,Gerald Wallace,Raymond Felton,3,2:18,DET,shot,,,,,,,,,,Rasheed Wallace,,,,missed,,3pt,17,30
Allen Iverson,Rasheed Wallace,Richard Hamilton,Rodney Stuckey,Tayshaun Prince,Boris Diaw,D.J. Augustin,Emeka Okafor,Gerald Wallace,Raymond Felton,3,2:16,DET,rebound,,,,,,,,,,Richard Hamilton,,,,,,off,,
Allen Iverson,Rasheed Wallace,Richard Hamilton,Rodney Stuckey,Tayshaun Prince,Boris Diaw,D.J. Augustin,Emeka Okafor,Gerald Wallace,Raymond Felton,3,2:06,CHA,foul,,,,,,,,Richard Hamilton,,Gerald Wallace,,,,,,personal,,
Allen Iverson,Rasheed Wallace,Richard Hamilton,Rodney Stuckey,Tayshaun Prince,Boris Diaw,D.J. Augustin,Emeka Okafor,Gerald Wallace,Raymond Felton,3,1:59,DET,shot,,,,,,,,,,Allen Iverson,,,,missed,,jump,31,17
Allen Iverson,Rasheed Wallace,Richard Hamilton,Rodney Stuckey,Tayshaun Prince,Boris Diaw,D.J. Augustin,Emeka Okafor,Gerald Wallace,Raymond Felton,3,1:57,CHA,rebound,,,,,,,,,,Emeka Okafor,,,,,,def,,
Allen Iverson,Rasheed Wallace,Richard Hamilton,Rodney Stuckey,Tayshaun Prince,Boris Diaw,D.J. Augustin,Emeka Okafor,Gerald Wallace,Raymond Felton,3,1:46,CHA,shot,,,,,,,,,,Raymond Felton,,,,missed,,3pt,33,31
Allen Iverson,Rasheed Wallace,Richard Hamilton,Rodney Stuckey,Tayshaun Prince,Boris Diaw,D.J. Augustin,Emeka Okafor,Gerald Wallace,Raymond Felton,3,1:45,DET,rebound,,,,,,,,,,Tayshaun Prince,,,,,,def,,
Allen Iverson,Rasheed Wallace,Richard Hamilton,Rodney Stuckey,Tayshaun Prince,Boris Diaw,D.J. Augustin,Emeka Okafor,Gerald Wallace,Raymond Felton,3,1:42,CHA,foul,,,,,,,,Richard Hamilton,,D.J. Augustin,,,,,,shooting,,
Allen Iverson,Rasheed Wallace,Richard Hamilton,Rodney Stuckey,Tayshaun Prince,Boris Diaw,D.J. Augustin,Emeka Okafor,Gerald Wallace,Raymond Felton,3,1:42,DET,free throw,,,,,,,1,,2,Richard Hamilton,,,foul,made,,,,
Allen Iverson,Rasheed Wallace,Richard Hamilton,Rodney Stuckey,Tayshaun Prince,Boris Diaw,D.J. Augustin,Emeka Okafor,Gerald Wallace,Raymond Felton,3,1:42,DET,free throw,,,,,,,2,,2,Richard Hamilton,,,foul,made,,,,
Allen Iverson,Rasheed Wallace,Richard Hamilton,Rodney Stuckey,Tayshaun Prince,Boris Diaw,D.J. Augustin,Emeka Okafor,Gerald Wallace,Raymond Felton,3,1:21,CHA,shot,Gerald Wallace,,,,,,,,,Raymond Felton,3,,,made,,3pt,2,16
Allen Iverson,Rasheed Wallace,Richard Hamilton,Rodney Stuckey,Tayshaun Prince,Boris Diaw,D.J. Augustin,Emeka Okafor,Gerald Wallace,Raymond Felton,3,1:01,DET,shot,Tayshaun Prince,,,,,,,,,Rodney Stuckey,2,,,made,,jump,42,16
Allen Iverson,Rasheed Wallace,Richard Hamilton,Rodney Stuckey,Tayshaun Prince,Boris Diaw,D.J. Augustin,Emeka Okafor,Gerald Wallace,Raymond Felton,3,0:43,CHA,shot,Raymond Felton,,,,,,,,,D.J. Augustin,2,,,made,,jump,32,24
Allen Iverson,Rasheed Wallace,Richard Hamilton,Rodney Stuckey,Tayshaun Prince,Boris Diaw,D.J. Augustin,Emeka Okafor,Gerald Wallace,Raymond Felton,3,0:36,DET,shot,,,,,,,,,,Rodney Stuckey,,,,missed,,3pt,10,28
Allen Iverson,Rasheed Wallace,Richard Hamilton,Rodney Stuckey,Tayshaun Prince,Boris Diaw,D.J. Augustin,Emeka Okafor,Gerald Wallace,Raymond Felton,3,0:35,CHA,rebound,,,,,,,,,,Gerald Wallace,,,,,,def,,
Allen Iverson,Rasheed Wallace,Richard Hamilton,Rodney Stuckey,Tayshaun Prince,Boris Diaw,D.J. Augustin,Emeka Okafor,Gerald Wallace,Raymond Felton,3,0:32,CHA,shot,D.J. Augustin,,,,,,,,,Raymond Felton,2,,,made,,layup,25,6
Allen Iverson,Rasheed Wallace,Richard Hamilton,Rodney Stuckey,Tayshaun Prince,Boris Diaw,D.J. Augustin,Emeka Okafor,Gerald Wallace,Raymond Felton,3,0:10,DET,shot,Rodney Stuckey,,,,,,,,,Richard Hamilton,2,,,made,,layup,25,6
Allen Iverson,Rasheed Wallace,Richard Hamilton,Rodney Stuckey,Tayshaun Prince,Boris Diaw,D.J. Augustin,Emeka Okafor,Gerald Wallace,Raymond Felton,3,0:06,DET,foul,,,,,,,,D.J. Augustin,,Rasheed Wallace,,,,,,shooting,,
Allen Iverson,Rasheed Wallace,Richard Hamilton,Rodney Stuckey,Tayshaun Prince,Boris Diaw,D.J. Augustin,Emeka Okafor,Matt Carroll,Raymond Felton,3,0:06,CHA,sub,,,,Matt Carroll,,Gerald Wallace,,,,,,,,,,,,
Allen Iverson,Rasheed Wallace,Richard Hamilton,Rodney Stuckey,Tayshaun Prince,Boris Diaw,D.J. Augustin,Emeka Okafor,Matt Carroll,Raymond Felton,3,0:06,CHA,free throw,,,,,,,1,,2,D.J. Augustin,,,foul,made,,,,
Allen Iverson,Rasheed Wallace,Richard Hamilton,Rodney Stuckey,Tayshaun Prince,Boris Diaw,D.J. Augustin,Emeka Okafor,Matt Carroll,Raymond Felton,3,0:06,CHA,free throw,,,,,,,2,,2,D.J. Augustin,,,foul,made,,,,
Allen Iverson,Rasheed Wallace,Richard Hamilton,Rodney Stuckey,Tayshaun Prince,Boris Diaw,D.J. Augustin,Emeka Okafor,Matt Carroll,Raymond Felton,3,0:06,DET,foul,,,,,,,,,,Allen Iverson,,,,,,technical,,
Allen Iverson,Rasheed Wallace,Richard Hamilton,Rodney Stuckey,Tayshaun Prince,Boris Diaw,D.J. Augustin,Emeka Okafor,Matt Carroll,Raymond Felton,3,0:06,CHA,free throw,,,,,,,1,,1,D.J. Augustin,,,technical,made,,,,
Antonio McDyess,Arron Afflalo,Jason Maxiell,Rodney Stuckey,Tayshaun Prince,Adam Morrison,Boris Diaw,D.J. Augustin,Emeka Okafor,Matt Carroll,4,11:46,CHA,shot,,,,,,,,,,Boris Diaw,,,,missed,,layup,25,6
Antonio McDyess,Arron Afflalo,Jason Maxiell,Rodney Stuckey,Tayshaun Prince,Adam Morrison,Boris Diaw,D.J. Augustin,Emeka Okafor,Matt Carroll,4,11:44,DET,rebound,,,,,,,,,,Antonio McDyess,,,,,,def,,
Antonio McDyess,Arron Afflalo,Jason Maxiell,Rodney Stuckey,Tayshaun Prince,Adam Morrison,Boris Diaw,D.J. Augustin,Emeka Okafor,Matt Carroll,4,11:34,CHA,foul,,,,,,,,Jason Maxiell,,Boris Diaw,,,,,,shooting,,
Antonio McDyess,Arron Afflalo,Jason Maxiell,Rodney Stuckey,Tayshaun Prince,Adam Morrison,Boris Diaw,D.J. Augustin,Emeka Okafor,Matt Carroll,4,11:34,DET,free throw,,,,,,,1,,2,Jason Maxiell,,,foul,made,,,,
Antonio McDyess,Arron Afflalo,Jason Maxiell,Rodney Stuckey,Tayshaun Prince,Adam Morrison,Boris Diaw,D.J. Augustin,Emeka Okafor,Matt Carroll,4,11:34,DET,free throw,,,,,,,2,,2,Jason Maxiell,,,foul,made,,,,
Antonio McDyess,Arron Afflalo,Jason Maxiell,Rodney Stuckey,Tayshaun Prince,Adam Morrison,Boris Diaw,D.J. Augustin,Emeka Okafor,Matt Carroll,4,11:18,DET,foul,,,,,,,,Boris Diaw,,Jason Maxiell,,,,,,shooting,,
Antonio McDyess,Arron Afflalo,Jason Maxiell,Rodney Stuckey,Tayshaun Prince,Adam Morrison,Boris Diaw,D.J. Augustin,Emeka Okafor,Matt Carroll,4,11:18,CHA,free throw,,,,,,,1,,2,Boris Diaw,,,foul,missed,,,,
Antonio McDyess,Arron Afflalo,Jason Maxiell,Rodney Stuckey,Tayshaun Prince,Adam Morrison,Boris Diaw,D.J. Augustin,Emeka Okafor,Matt Carroll,4,11:18,CHA,rebound,,,,,,,,,,,,,,,,,,
Antonio McDyess,Arron Afflalo,Jason Maxiell,Rodney Stuckey,Tayshaun Prince,Adam Morrison,Boris Diaw,D.J. Augustin,Emeka Okafor,Matt Carroll,4,11:18,CHA,free throw,,,,,,,2,,2,Boris Diaw,,,foul,made,,,,
Antonio McDyess,Arron Afflalo,Jason Maxiell,Rodney Stuckey,Tayshaun Prince,Adam Morrison,Boris Diaw,D.J. Augustin,Emeka Okafor,Matt Carroll,4,11:00,DET,shot,,,,,,,,,,Rodney Stuckey,,,,missed,,jump,31,26
Antonio McDyess,Arron Afflalo,Jason Maxiell,Rodney Stuckey,Tayshaun Prince,Adam Morrison,Boris Diaw,D.J. Augustin,Emeka Okafor,Matt Carroll,4,10:57,CHA,rebound,,,,,,,,,,Emeka Okafor,,,,,,def,,
Antonio McDyess,Arron Afflalo,Jason Maxiell,Rodney Stuckey,Tayshaun Prince,Adam Morrison,Boris Diaw,D.J. Augustin,Emeka Okafor,Matt Carroll,4,10:45,CHA,shot,Boris Diaw,,,,,,,,,Emeka Okafor,2,,,made,,jump,10,10
Antonio McDyess,Arron Afflalo,Jason Maxiell,Rodney Stuckey,Tayshaun Prince,Adam Morrison,Boris Diaw,D.J. Augustin,Emeka Okafor,Matt Carroll,4,10:28,DET,shot,,,,,,,,,,Tayshaun Prince,2,,,made,,hook,24,15
Antonio McDyess,Arron Afflalo,Jason Maxiell,Rodney Stuckey,Tayshaun Prince,Adam Morrison,Boris Diaw,D.J. Augustin,Emeka Okafor,Matt Carroll,4,10:11,CHA,shot,,,,,,,,,,D.J. Augustin,,,,missed,,3pt,26,32
Antonio McDyess,Arron Afflalo,Jason Maxiell,Rodney Stuckey,Tayshaun Prince,Adam Morrison,Boris Diaw,D.J. Augustin,Emeka Okafor,Matt Carroll,4,10:10,CHA,rebound,,,,,,,,,,Emeka Okafor,,,,,,off,,
Antonio McDyess,Arron Afflalo,Jason Maxiell,Rodney Stuckey,Tayshaun Prince,Adam Morrison,Boris Diaw,D.J. Augustin,Emeka Okafor,Matt Carroll,4,9:54,CHA,turnover,,,,,,,,,,Boris Diaw,,,poss lost ball turnover,,,,,
Antonio McDyess,Arron Afflalo,Jason Maxiell,Rodney Stuckey,Tayshaun Prince,Adam Morrison,Boris Diaw,D.J. Augustin,Emeka Okafor,Matt Carroll,4,9:34,DET,shot,,,,,,,,,,Tayshaun Prince,,,,missed,,3pt,45,22
Antonio McDyess,Arron Afflalo,Jason Maxiell,Rodney Stuckey,Tayshaun Prince,Adam Morrison,Boris Diaw,D.J. Augustin,Emeka Okafor,Matt Carroll,4,9:32,CHA,rebound,,,,,,,,,,Matt Carroll,,,,,,def,,
Antonio McDyess,Arron Afflalo,Jason Maxiell,Rodney Stuckey,Tayshaun Prince,Adam Morrison,Boris Diaw,D.J. Augustin,Emeka Okafor,Matt Carroll,4,9:19,CHA,shot,,,,,,,,,,Boris Diaw,,,,missed,,jump,10,9
Antonio McDyess,Arron Afflalo,Jason Maxiell,Rodney Stuckey,Tayshaun Prince,Adam Morrison,Boris Diaw,D.J. Augustin,Emeka Okafor,Matt Carroll,4,9:18,DET,rebound,,,,,,,,,,Jason Maxiell,,,,,,def,,
Antonio McDyess,Arron Afflalo,Jason Maxiell,Rodney Stuckey,Tayshaun Prince,Adam Morrison,Boris Diaw,D.J. Augustin,Emeka Okafor,Matt Carroll,4,9:08,DET,turnover,,,,,,,,,,Rodney Stuckey,,,bad pass,,Matt Carroll,,,
Antonio McDyess,Arron Afflalo,Jason Maxiell,Rodney Stuckey,Tayshaun Prince,Adam Morrison,Boris Diaw,D.J. Augustin,Emeka Okafor,Matt Carroll,4,9:06,CHA,turnover,,,,,,,,,,Matt Carroll,,,bad pass,,Rodney Stuckey,,,
Antonio McDyess,Arron Afflalo,Jason Maxiell,Rodney Stuckey,Tayshaun Prince,Adam Morrison,Boris Diaw,D.J. Augustin,Emeka Okafor,Matt Carroll,4,9:03,CHA,foul,,,,,,,,Jason Maxiell,,Adam Morrison,,,,,,shooting,,
Antonio McDyess,Arron Afflalo,Jason Maxiell,Rodney Stuckey,Tayshaun Prince,Adam Morrison,D.J. Augustin,Emeka Okafor,Gerald Wallace,Matt Carroll,4,9:03,CHA,sub,,,,Gerald Wallace,,Boris Diaw,,,,,,,,,,,,
Antonio McDyess,Arron Afflalo,Jason Maxiell,Rodney Stuckey,Tayshaun Prince,Adam Morrison,D.J. Augustin,Emeka Okafor,Gerald Wallace,Matt Carroll,4,9:03,DET,free throw,,,,,,,1,,2,Jason Maxiell,,,foul,made,,,,
Antonio McDyess,Arron Afflalo,Jason Maxiell,Rodney Stuckey,Tayshaun Prince,Adam Morrison,D.J. Augustin,Gerald Wallace,Matt Carroll,Ryan Hollins,4,9:03,CHA,sub,,,,Ryan Hollins,,Emeka Okafor,,,,,,,,,,,,
Antonio McDyess,Arron Afflalo,Jason Maxiell,Tayshaun Prince,Will Bynum,Adam Morrison,D.J. Augustin,Gerald Wallace,Matt Carroll,Ryan Hollins,4,9:03,DET,sub,,,,Will Bynum,,Rodney Stuckey,,,,,,,,,,,,
Antonio McDyess,Arron Afflalo,Jason Maxiell,Tayshaun Prince,Will Bynum,Adam Morrison,D.J. Augustin,Gerald Wallace,Matt Carroll,Ryan Hollins,4,9:03,DET,free throw,,,,,,,2,,2,Jason Maxiell,,,foul,missed,,,,
Antonio McDyess,Arron Afflalo,Jason Maxiell,Tayshaun Prince,Will Bynum,Adam Morrison,D.J. Augustin,Gerald Wallace,Matt Carroll,Ryan Hollins,4,8:58,CHA,rebound,,,,,,,,,,Gerald Wallace,,,,,,def,,
Antonio McDyess,Arron Afflalo,Jason Maxiell,Tayshaun Prince,Will Bynum,Adam Morrison,D.J. Augustin,Gerald Wallace,Matt Carroll,Ryan Hollins,4,8:50,CHA,shot,,,,,,,,,,Matt Carroll,,,,missed,,jump,9,12
Antonio McDyess,Arron Afflalo,Jason Maxiell,Tayshaun Prince,Will Bynum,Adam Morrison,D.J. Augustin,Gerald Wallace,Matt Carroll,Ryan Hollins,4,8:47,CHA,rebound,,,,,,,,,,Ryan Hollins,,,,,,off,,
Antonio McDyess,Arron Afflalo,Jason Maxiell,Tayshaun Prince,Will Bynum,Adam Morrison,D.J. Augustin,Gerald Wallace,Matt Carroll,Ryan Hollins,4,8:47,DET,foul,,,,,,,,Ryan Hollins,,Antonio McDyess,,,,,,shooting,,
Antonio McDyess,Arron Afflalo,Jason Maxiell,Tayshaun Prince,Will Bynum,Adam Morrison,D.J. Augustin,Gerald Wallace,Matt Carroll,Ryan Hollins,4,8:47,OFF,timeout,,,,,,,,,,,,,,,,official,,
Antonio McDyess,Arron Afflalo,Jason Maxiell,Tayshaun Prince,Will Bynum,Adam Morrison,D.J. Augustin,Gerald Wallace,Raymond Felton,Ryan Hollins,4,8:47,CHA,sub,,,,Raymond Felton,,Matt Carroll,,,,,,,,,,,,
Antonio McDyess,Arron Afflalo,Jason Maxiell,Walter Herrmann,Will Bynum,Adam Morrison,D.J. Augustin,Gerald Wallace,Raymond Felton,Ryan Hollins,4,8:47,DET,sub,,,,Walter Herrmann,,Tayshaun Prince,,,,,,,,,,,,
Antonio McDyess,Arron Afflalo,Jason Maxiell,Walter Herrmann,Will Bynum,Adam Morrison,D.J. Augustin,Gerald Wallace,Raymond Felton,Ryan Hollins,4,8:47,CHA,free throw,,,,,,,1,,2,Ryan Hollins,,,foul,made,,,,
Antonio McDyess,Arron Afflalo,Jason Maxiell,Walter Herrmann,Will Bynum,Adam Morrison,D.J. Augustin,Gerald Wallace,Raymond Felton,Ryan Hollins,4,8:47,CHA,free throw,,,,,,,2,,2,Ryan Hollins,,,foul,made,,,,
Antonio McDyess,Arron Afflalo,Jason Maxiell,Walter Herrmann,Will Bynum,Adam Morrison,D.J. Augustin,Gerald Wallace,Raymond Felton,Ryan Hollins,4,8:34,DET,shot,,,,,,,,,,Walter Herrmann,,,,missed,,layup,25,6
Antonio McDyess,Arron Afflalo,Jason Maxiell,Walter Herrmann,Will Bynum,Adam Morrison,D.J. Augustin,Gerald Wallace,Raymond Felton,Ryan Hollins,4,8:32,CHA,rebound,,,,,,,,,,Ryan Hollins,,,,,,def,,
Antonio McDyess,Arron Afflalo,Jason Maxiell,Walter Herrmann,Will Bynum,Adam Morrison,D.J. Augustin,Gerald Wallace,Raymond Felton,Ryan Hollins,4,8:19,CHA,shot,,,,,,,,,,Gerald Wallace,2,,,made,,driving reverse layup,25,6
Antonio McDyess,Arron Afflalo,Jason Maxiell,Walter Herrmann,Will Bynum,Adam Morrison,D.J. Augustin,Gerald Wallace,Raymond Felton,Ryan Hollins,4,7:57,DET,shot,,,,,,,,,,Walter Herrmann,,,,missed,,3pt,11,28
Antonio McDyess,Arron Afflalo,Jason Maxiell,Walter Herrmann,Will Bynum,Adam Morrison,D.J. Augustin,Gerald Wallace,Raymond Felton,Ryan Hollins,4,7:56,CHA,rebound,,,,,,,,,,Gerald Wallace,,,,,,def,,
Antonio McDyess,Arron Afflalo,Jason Maxiell,Walter Herrmann,Will Bynum,Adam Morrison,D.J. Augustin,Gerald Wallace,Raymond Felton,Ryan Hollins,4,7:51,CHA,shot,Gerald Wallace,,,,,,,,,Raymond Felton,2,,,made,,layup,25,6
Antonio McDyess,Arron Afflalo,Jason Maxiell,Walter Herrmann,Will Bynum,Adam Morrison,D.J. Augustin,Gerald Wallace,Raymond Felton,Ryan Hollins,4,7:44,DET,timeout,,,,,,,,,,,,,,,,regular,,
Antonio McDyess,Arron Afflalo,Jason Maxiell,Walter Herrmann,Will Bynum,Adam Morrison,D.J. Augustin,Gerald Wallace,Raymond Felton,Ryan Hollins,4,7:34,DET,shot,,,,,,,,,,Will Bynum,,,,missed,,jump,25,13
Antonio McDyess,Arron Afflalo,Jason Maxiell,Walter Herrmann,Will Bynum,Adam Morrison,D.J. Augustin,Gerald Wallace,Raymond Felton,Ryan Hollins,4,7:31,DET,rebound,,,,,,,,,,Antonio McDyess,,,,,,off,,
Antonio McDyess,Arron Afflalo,Jason Maxiell,Walter Herrmann,Will Bynum,Adam Morrison,D.J. Augustin,Gerald Wallace,Raymond Felton,Ryan Hollins,4,7:18,DET,turnover,,,,,,,,,,Arron Afflalo,,,bad pass,,Gerald Wallace,,,
Antonio McDyess,Arron Afflalo,Jason Maxiell,Walter Herrmann,Will Bynum,Adam Morrison,D.J. Augustin,Gerald Wallace,Raymond Felton,Ryan Hollins,4,7:13,CHA,shot,Raymond Felton,,,,,,,,,Gerald Wallace,2,,,made,,alley oop dunk,25,6
Antonio McDyess,Arron Afflalo,Jason Maxiell,Walter Herrmann,Will Bynum,Adam Morrison,D.J. Augustin,Gerald Wallace,Raymond Felton,Ryan Hollins,4,6:56,DET,shot,,,,,,,,,,Will Bynum,,,,missed,,layup,25,6
Antonio McDyess,Arron Afflalo,Jason Maxiell,Walter Herrmann,Will Bynum,Adam Morrison,D.J. Augustin,Gerald Wallace,Raymond Felton,Ryan Hollins,4,6:55,DET,shot,,,,,,,,,,Jason Maxiell,2,,,made,,dunk,25,6
Antonio McDyess,Arron Afflalo,Jason Maxiell,Walter Herrmann,Will Bynum,Adam Morrison,D.J. Augustin,Gerald Wallace,Raymond Felton,Ryan Hollins,4,6:55,DET,rebound,,,,,,,,,,Jason Maxiell,,,,,,off,,
Antonio McDyess,Arron Afflalo,Jason Maxiell,Walter Herrmann,Will Bynum,Adam Morrison,D.J. Augustin,Gerald Wallace,Raymond Felton,Ryan Hollins,4,6:55,CHA,foul,,,,,,,,Jason Maxiell,,Gerald Wallace,,,,,,shooting,,
Antonio McDyess,Arron Afflalo,Jason Maxiell,Walter Herrmann,Will Bynum,Adam Morrison,D.J. Augustin,Gerald Wallace,Raymond Felton,Ryan Hollins,4,6:55,DET,free throw,,,,,,,1,,1,Jason Maxiell,,,foul,missed,,,,
Antonio McDyess,Arron Afflalo,Jason Maxiell,Walter Herrmann,Will Bynum,Adam Morrison,D.J. Augustin,Gerald Wallace,Raymond Felton,Ryan Hollins,4,6:53,CHA,rebound,,,,,,,,,,Ryan Hollins,,,,,,def,,
Antonio McDyess,Arron Afflalo,Jason Maxiell,Walter Herrmann,Will Bynum,Adam Morrison,D.J. Augustin,Gerald Wallace,Raymond Felton,Ryan Hollins,4,6:42,DET,foul,,,,,,,,Gerald Wallace,,Jason Maxiell,,,,,,shooting,,
Antonio McDyess,Arron Afflalo,Jason Maxiell,Walter Herrmann,Will Bynum,Adam Morrison,D.J. Augustin,Gerald Wallace,Raymond Felton,Ryan Hollins,4,6:42,CHA,free throw,,,,,,,1,,2,Gerald Wallace,,,foul,made,,,,
Antonio McDyess,Arron Afflalo,Jason Maxiell,Walter Herrmann,Will Bynum,Adam Morrison,D.J. Augustin,Gerald Wallace,Raymond Felton,Ryan Hollins,4,6:42,CHA,free throw,,,,,,,2,,2,Gerald Wallace,,,foul,made,,,,
Antonio McDyess,Arron Afflalo,Jason Maxiell,Walter Herrmann,Will Bynum,Adam Morrison,D.J. Augustin,Gerald Wallace,Raymond Felton,Ryan Hollins,4,6:29,DET,turnover,,,,,,,,,,Jason Maxiell,,,traveling,,,,,
Antonio McDyess,Arron Afflalo,Jason Maxiell,Walter Herrmann,Will Bynum,Adam Morrison,D.J. Augustin,Gerald Wallace,Raymond Felton,Ryan Hollins,4,6:15,DET,foul,,,,,,,,Gerald Wallace,,Antonio McDyess,,,,,,shooting,,
Antonio McDyess,Arron Afflalo,Jason Maxiell,Walter Herrmann,Will Bynum,Adam Morrison,D.J. Augustin,Gerald Wallace,Raymond Felton,Ryan Hollins,4,6:15,CHA,free throw,,,,,,,1,,2,Gerald Wallace,,,foul,made,,,,
Antonio McDyess,Arron Afflalo,Jason Maxiell,Walter Herrmann,Will Bynum,Adam Morrison,D.J. Augustin,Gerald Wallace,Raymond Felton,Ryan Hollins,4,6:15,CHA,free throw,,,,,,,2,,2,Gerald Wallace,,,foul,missed,,,,
Antonio McDyess,Arron Afflalo,Jason Maxiell,Walter Herrmann,Will Bynum,Adam Morrison,D.J. Augustin,Gerald Wallace,Raymond Felton,Ryan Hollins,4,6:13,DET,rebound,,,,,,,,,,Antonio McDyess,,,,,,def,,
Antonio McDyess,Arron Afflalo,Jason Maxiell,Walter Herrmann,Will Bynum,Adam Morrison,D.J. Augustin,Gerald Wallace,Raymond Felton,Ryan Hollins,4,6:01,DET,turnover,,,,,,,,,,Will Bynum,,,lost ball,,D.J. Augustin,,,
Antonio McDyess,Arron Afflalo,Jason Maxiell,Walter Herrmann,Will Bynum,Adam Morrison,D.J. Augustin,Gerald Wallace,Raymond Felton,Ryan Hollins,4,5:56,CHA,shot,,,,,,,,,,D.J. Augustin,2,,,made,,layup,25,6
Antonio McDyess,Arron Afflalo,Jason Maxiell,Walter Herrmann,Will Bynum,Adam Morrison,D.J. Augustin,Gerald Wallace,Raymond Felton,Ryan Hollins,4,5:32,DET,shot,,,,,,,,,,Walter Herrmann,,,,missed,,3pt,2,8
Antonio McDyess,Arron Afflalo,Jason Maxiell,Walter Herrmann,Will Bynum,Adam Morrison,D.J. Augustin,Gerald Wallace,Raymond Felton,Ryan Hollins,4,5:32,CHA,rebound,,,,,,,,,,Gerald Wallace,,,,,,def,,
Antonio McDyess,Arron Afflalo,Jason Maxiell,Walter Herrmann,Will Bynum,Adam Morrison,D.J. Augustin,Gerald Wallace,Raymond Felton,Ryan Hollins,4,5:32,DET,foul,,,,,,,,Gerald Wallace,,Antonio McDyess,,,,,,personal,,
Antonio McDyess,Arron Afflalo,Jason Maxiell,Rodney Stuckey,Walter Herrmann,Adam Morrison,D.J. Augustin,Gerald Wallace,Raymond Felton,Ryan Hollins,4,5:32,DET,sub,,,,Rodney Stuckey,,Will Bynum,,,,,,,,,,,,
Arron Afflalo,Jason Maxiell,Rodney Stuckey,Tayshaun Prince,Walter Herrmann,Adam Morrison,D.J. Augustin,Gerald Wallace,Raymond Felton,Ryan Hollins,4,5:32,DET,sub,,,,Tayshaun Prince,,Antonio McDyess,,,,,,,,,,,,
Arron Afflalo,Jason Maxiell,Rodney Stuckey,Tayshaun Prince,Walter Herrmann,Adam Morrison,D.J. Augustin,Gerald Wallace,Raymond Felton,Ryan Hollins,4,5:32,CHA,free throw,,,,,,,1,,2,Gerald Wallace,,,foul,made,,,,
Arron Afflalo,Jason Maxiell,Rodney Stuckey,Tayshaun Prince,Walter Herrmann,Adam Morrison,D.J. Augustin,Gerald Wallace,Raymond Felton,Ryan Hollins,4,5:32,CHA,free throw,,,,,,,2,,2,Gerald Wallace,,,foul,made,,,,
Arron Afflalo,Jason Maxiell,Rodney Stuckey,Tayshaun Prince,Walter Herrmann,Adam Morrison,D.J. Augustin,Gerald Wallace,Raymond Felton,Ryan Hollins,4,5:21,DET,foul,,,,,,,,D.J. Augustin,,Jason Maxiell,,,,,,offensive,,
Arron Afflalo,Jason Maxiell,Rodney Stuckey,Tayshaun Prince,Walter Herrmann,Adam Morrison,D.J. Augustin,Gerald Wallace,Raymond Felton,Ryan Hollins,4,5:21,DET,turnover,,,,,,,,,,Jason Maxiell,,,foul,,,,,
Arron Afflalo,Jason Maxiell,Rodney Stuckey,Tayshaun Prince,Walter Herrmann,Adam Morrison,Alexis Ajinca,D.J. Augustin,Raymond Felton,Ryan Hollins,4,5:21,CHA,sub,,,,Alexis Ajinca,,Gerald Wallace,,,,,,,,,,,,
Arron Afflalo,Jason Maxiell,Rodney Stuckey,Tayshaun Prince,Walter Herrmann,Adam Morrison,Alexis Ajinca,D.J. Augustin,Raymond Felton,Ryan Hollins,4,5:10,CHA,shot,,,,,,,,,,D.J. Augustin,2,,,made,,jump,14,20
Arron Afflalo,Jason Maxiell,Rodney Stuckey,Tayshaun Prince,Walter Herrmann,Adam Morrison,Alexis Ajinca,D.J. Augustin,Raymond Felton,Ryan Hollins,4,4:49,DET,timeout,,,,,,,,,,,,,,,,short,,
Arron Afflalo,Jason Maxiell,Richard Hamilton,Rodney Stuckey,Tayshaun Prince,Adam Morrison,Alexis Ajinca,D.J. Augustin,Raymond Felton,Ryan Hollins,4,4:49,DET,sub,,,,Richard Hamilton,,Walter Herrmann,,,,,,,,,,,,
Arron Afflalo,Jason Maxiell,Richard Hamilton,Rodney Stuckey,Tayshaun Prince,Adam Morrison,Alexis Ajinca,D.J. Augustin,Raymond Felton,Ryan Hollins,4,4:45,DET,shot,,,,,,,,,,Jason Maxiell,,,,missed,,jump,16,12
Arron Afflalo,Jason Maxiell,Richard Hamilton,Rodney Stuckey,Tayshaun Prince,Adam Morrison,Alexis Ajinca,D.J. Augustin,Raymond Felton,Ryan Hollins,4,4:44,CHA,rebound,,,,,,,,,,Raymond Felton,,,,,,def,,
Arron Afflalo,Jason Maxiell,Richard Hamilton,Rodney Stuckey,Tayshaun Prince,Adam Morrison,Alexis Ajinca,D.J. Augustin,Raymond Felton,Ryan Hollins,4,4:28,CHA,shot,,,,,,,,,,Alexis Ajinca,,,,missed,,jump,39,9
Arron Afflalo,Jason Maxiell,Richard Hamilton,Rodney Stuckey,Tayshaun Prince,Adam Morrison,Alexis Ajinca,D.J. Augustin,Raymond Felton,Ryan Hollins,4,4:23,DET,rebound,,,,,,,,,,Richard Hamilton,,,,,,def,,
Arron Afflalo,Jason Maxiell,Richard Hamilton,Rodney Stuckey,Tayshaun Prince,Adam Morrison,Alexis Ajinca,D.J. Augustin,Raymond Felton,Ryan Hollins,4,4:06,DET,shot,,,,,,,,,,Richard Hamilton,,,,missed,,jump,22,16
Arron Afflalo,Jason Maxiell,Richard Hamilton,Rodney Stuckey,Tayshaun Prince,Adam Morrison,Alexis Ajinca,D.J. Augustin,Raymond Felton,Ryan Hollins,4,4:02,DET,rebound,,,,,,,,,,Tayshaun Prince,,,,,,off,,
Arron Afflalo,Jason Maxiell,Richard Hamilton,Rodney Stuckey,Tayshaun Prince,Adam Morrison,Alexis Ajinca,D.J. Augustin,Raymond Felton,Ryan Hollins,4,3:44,DET,shot,,,,,,,,,,Tayshaun Prince,,,,missed,,jump,11,15
Arron Afflalo,Jason Maxiell,Richard Hamilton,Rodney Stuckey,Tayshaun Prince,Adam Morrison,Alexis Ajinca,D.J. Augustin,Raymond Felton,Ryan Hollins,4,3:43,CHA,rebound,,,,,,,,,,Raymond Felton,,,,,,def,,
Arron Afflalo,Jason Maxiell,Richard Hamilton,Rodney Stuckey,Tayshaun Prince,Adam Morrison,Alexis Ajinca,D.J. Augustin,Raymond Felton,Ryan Hollins,4,3:29,CHA,turnover,,,,,,,,,,Ryan Hollins,,,bad pass,,,,,
Arron Afflalo,Jason Maxiell,Richard Hamilton,Rodney Stuckey,Tayshaun Prince,Adam Morrison,Alexis Ajinca,D.J. Augustin,Raymond Felton,Ryan Hollins,4,3:29,CHA,timeout,,,,,,,,,,,,,,,,regular,,
Arron Afflalo,Rasheed Wallace,Richard Hamilton,Rodney Stuckey,Tayshaun Prince,Adam Morrison,Alexis Ajinca,D.J. Augustin,Raymond Felton,Ryan Hollins,4,3:29,DET,sub,,,,Rasheed Wallace,,Jason Maxiell,,,,,,,,,,,,
Arron Afflalo,Rasheed Wallace,Richard Hamilton,Rodney Stuckey,Tayshaun Prince,Adam Morrison,Alexis Ajinca,D.J. Augustin,Raymond Felton,Ryan Hollins,4,3:09,DET,turnover,,,,,,,,,,Rodney Stuckey,,,palming turnover,,,,,
Arron Afflalo,Rasheed Wallace,Richard Hamilton,Rodney Stuckey,Tayshaun Prince,Adam Morrison,Alexis Ajinca,D.J. Augustin,Raymond Felton,Ryan Hollins,4,2:45,CHA,shot,,,,,,,,,,Raymond Felton,2,,,made,,jump,11,18
Arron Afflalo,Rasheed Wallace,Richard Hamilton,Rodney Stuckey,Tayshaun Prince,Adam Morrison,Alexis Ajinca,D.J. Augustin,Raymond Felton,Ryan Hollins,4,2:21,DET,shot,,,,,,,,,,Rasheed Wallace,,,,missed,,turnaround fade away,13,12
Arron Afflalo,Rasheed Wallace,Richard Hamilton,Rodney Stuckey,Tayshaun Prince,Adam Morrison,Alexis Ajinca,D.J. Augustin,Raymond Felton,Ryan Hollins,4,2:19,CHA,rebound,,,,,,,,,,Alexis Ajinca,,,,,,def,,
Arron Afflalo,Rasheed Wallace,Richard Hamilton,Rodney Stuckey,Tayshaun Prince,Adam Morrison,Alexis Ajinca,D.J. Augustin,Raymond Felton,Ryan Hollins,4,2:08,DET,foul,,,,,,,,D.J. Augustin,,Rodney Stuckey,,,,,,shooting,,
Arron Afflalo,Rasheed Wallace,Richard Hamilton,Rodney Stuckey,Tayshaun Prince,Adam Morrison,Alexis Ajinca,D.J. Augustin,Raymond Felton,Ryan Hollins,4,2:08,CHA,free throw,,,,,,,1,,2,D.J. Augustin,,,foul,made,,,,
Arron Afflalo,Rasheed Wallace,Richard Hamilton,Rodney Stuckey,Tayshaun Prince,Adam Morrison,Alexis Ajinca,D.J. Augustin,Raymond Felton,Ryan Hollins,4,2:08,CHA,free throw,,,,,,,2,,2,D.J. Augustin,,,foul,made,,,,
Arron Afflalo,Rasheed Wallace,Richard Hamilton,Rodney Stuckey,Tayshaun Prince,Adam Morrison,Alexis Ajinca,D.J. Augustin,Raymond Felton,Ryan Hollins,4,1:46,CHA,foul,,,,,,,,Tayshaun Prince,,Ryan Hollins,,,,,,personal,,
Arron Afflalo,Rasheed Wallace,Richard Hamilton,Rodney Stuckey,Tayshaun Prince,Adam Morrison,Alexis Ajinca,D.J. Augustin,Raymond Felton,Ryan Hollins,4,1:46,DET,free throw,,,,,,,1,,2,Tayshaun Prince,,,foul,missed,,,,
Arron Afflalo,Rasheed Wallace,Richard Hamilton,Rodney Stuckey,Tayshaun Prince,Adam Morrison,Alexis Ajinca,D.J. Augustin,Raymond Felton,Ryan Hollins,4,1:46,DET,rebound,,,,,,,,,,,,,,,,,,
Arron Afflalo,Rasheed Wallace,Richard Hamilton,Rodney Stuckey,Tayshaun Prince,Adam Morrison,Alexis Ajinca,D.J. Augustin,Raymond Felton,Ryan Hollins,4,1:46,DET,free throw,,,,,,,2,,2,Tayshaun Prince,,,foul,missed,,,,
Arron Afflalo,Rasheed Wallace,Richard Hamilton,Rodney Stuckey,Tayshaun Prince,Adam Morrison,Alexis Ajinca,D.J. Augustin,Raymond Felton,Ryan Hollins,4,1:45,CHA,rebound,,,,,,,,,,Adam Morrison,,,,,,def,,
Arron Afflalo,Rasheed Wallace,Richard Hamilton,Rodney Stuckey,Tayshaun Prince,Adam Morrison,Alexis Ajinca,D.J. Augustin,Raymond Felton,Ryan Hollins,4,1:31,CHA,shot,,,,,,,,,,D.J. Augustin,,,,missed,,jump,37,18
Arron Afflalo,Rasheed Wallace,Richard Hamilton,Rodney Stuckey,Tayshaun Prince,Adam Morrison,Alexis Ajinca,D.J. Augustin,Raymond Felton,Ryan Hollins,4,1:31,CHA,shot,,,,,,,,,,Ryan Hollins,2,,,made,,reverse layup,25,6
Arron Afflalo,Rasheed Wallace,Richard Hamilton,Rodney Stuckey,Tayshaun Prince,Adam Morrison,Alexis Ajinca,D.J. Augustin,Raymond Felton,Ryan Hollins,4,1:31,CHA,rebound,,,,,,,,,,Ryan Hollins,,,,,,off,,
Arron Afflalo,Rasheed Wallace,Richard Hamilton,Rodney Stuckey,Tayshaun Prince,Adam Morrison,Alexis Ajinca,D.J. Augustin,Raymond Felton,Ryan Hollins,4,1:08,DET,shot,,,,,,,,,,Rasheed Wallace,,,,missed,,turnaround fade away,13,15
Arron Afflalo,Rasheed Wallace,Richard Hamilton,Rodney Stuckey,Tayshaun Prince,Adam Morrison,Alexis Ajinca,D.J. Augustin,Raymond Felton,Ryan Hollins,4,1:07,DET,rebound,,,,,,,,,,,,,,,,,,
Arron Afflalo,Rasheed Wallace,Richard Hamilton,Rodney Stuckey,Tayshaun Prince,Adam Morrison,Alexis Ajinca,D.J. Augustin,Raymond Felton,Ryan Hollins,4,1:07,DET,timeout,,,,,,,,,,,,,,,,regular,,
Jason Maxiell,Rasheed Wallace,Richard Hamilton,Rodney Stuckey,Tayshaun Prince,Adam Morrison,Alexis Ajinca,D.J. Augustin,Raymond Felton,Ryan Hollins,4,1:07,DET,sub,,,,Jason Maxiell,,Arron Afflalo,,,,,,,,,,,,
Jason Maxiell,Rasheed Wallace,Richard Hamilton,Rodney Stuckey,Tayshaun Prince,Adam Morrison,Alexis Ajinca,D.J. Augustin,Raymond Felton,Ryan Hollins,4,0:45,DET,shot,,,,,,,,,,Richard Hamilton,,,,missed,,jump,32,14
Jason Maxiell,Rasheed Wallace,Richard Hamilton,Rodney Stuckey,Tayshaun Prince,Adam Morrison,Alexis Ajinca,D.J. Augustin,Raymond Felton,Ryan Hollins,4,0:44,CHA,rebound,,,,,,,,,,Alexis Ajinca,,,,,,def,,
Jason Maxiell,Rasheed Wallace,Richard Hamilton,Rodney Stuckey,Tayshaun Prince,Adam Morrison,Alexis Ajinca,D.J. Augustin,Raymond Felton,Ryan Hollins,4,0:34,CHA,shot,,,,,,,,,,Raymond Felton,2,,,made,,driving finger roll layup,25,6
Jason Maxiell,Rasheed Wallace,Richard Hamilton,Rodney Stuckey,Tayshaun Prince,Adam Morrison,Alexis Ajinca,D.J. Augustin,Raymond Felton,Ryan Hollins,4,0:10,DET,shot,Tayshaun Prince,,,,,,,,,Rasheed Wallace,3,,,made,,3pt,24,33
Jason Maxiell,Rasheed Wallace,Richard Hamilton,Rodney Stuckey,Tayshaun Prince,Adam Morrison,Alexis Ajinca,D.J. Augustin,Raymond Felton,Ryan Hollins,4,0:10,CHA,timeout,,,,,,,,,,,,,,,,regular,,
Arron Afflalo,Jason Maxiell,Richard Hamilton,Rodney Stuckey,Tayshaun Prince,Adam Morrison,Alexis Ajinca,D.J. Augustin,Raymond Felton,Ryan Hollins,4,0:10,DET,sub,,,,Arron Afflalo,,Rasheed Wallace,,,,,,,,,,,,
Arron Afflalo,Jason Maxiell,Richard Hamilton,Rodney Stuckey,Tayshaun Prince,Adam Morrison,Alexis Ajinca,D.J. Augustin,Raymond Felton,Ryan Hollins,4,0:04,CHA,shot,,,,,,,,,,Raymond Felton,,,,missed,,layup,25,6
Arron Afflalo,Jason Maxiell,Richard Hamilton,Rodney Stuckey,Tayshaun Prince,Adam Morrison,Alexis Ajinca,D.J. Augustin,Raymond Felton,Ryan Hollins,4,0:04,CHA,shot,,,,,,,,,,Raymond Felton,2,,,made,,tip,25,6
Arron Afflalo,Jason Maxiell,Richard Hamilton,Rodney Stuckey,Tayshaun Prince,Adam Morrison,Alexis Ajinca,D.J. Augustin,Raymond Felton,Ryan Hollins,4,0:04,CHA,rebound,,,,,,,,,,Raymond Felton,,,,,,off,,
Arron Afflalo,Jason Maxiell,Richard Hamilton,Rodney Stuckey,Tayshaun Prince,Adam Morrison,Alexis Ajinca,D.J. Augustin,Raymond Felton,Ryan Hollins,4,0:03,CHA,foul,,,,,,,,Richard Hamilton,,Raymond Felton,,,,,,personal,,
Arron Afflalo,Jason Maxiell,Richard Hamilton,Rodney Stuckey,Tayshaun Prince,Adam Morrison,Alexis Ajinca,D.J. Augustin,Raymond Felton,Ryan Hollins,4,0:03,DET,free throw,,,,,,,1,,2,Richard Hamilton,,,foul,made,,,,
Arron Afflalo,Jason Maxiell,Richard Hamilton,Rodney Stuckey,Tayshaun Prince,Adam Morrison,Alexis Ajinca,D.J. Augustin,Raymond Felton,Ryan Hollins,4,0:03,DET,free throw,,,,,,,2,,2,Richard Hamilton,,,foul,made,,,,
Arron Afflalo,Jason Maxiell,Richard Hamilton,Rodney Stuckey,Tayshaun Prince,Adam Morrison,Alexis Ajinca,D.J. Augustin,Raymond Felton,Ryan Hollins,4,0:03,CHA,timeout,,,,,,,,,,,,,,,,short,,
Arron Afflalo,Jason Maxiell,Richard Hamilton,Rodney Stuckey,Tayshaun Prince,Adam Morrison,Alexis Ajinca,D.J. Augustin,Raymond Felton,Ryan Hollins,4,0:00,CHA,shot,,,,,,,,,,Adam Morrison,,,,missed,,3pt,5,29
Arron Afflalo,Jason Maxiell,Richard Hamilton,Rodney Stuckey,Tayshaun Prince,Adam Morrison,Alexis Ajinca,D.J. Augustin,Raymond Felton,Ryan Hollins,4,0:00,CHA,rebound,,,,,,,,,,,,,,,,,,
